ID;Orignal_name;Time;f__Actinidiaceae;g__Allium;s__Allium_cepa;s__Allium_rubellum;s__Allium_sativum;f__Anacardiaceae;s__Anacardium_occidentale;s__Ananas_comosus;s__Annona muricata;sf__Annonoideae;t__Anserineae;sf__Apioideae;s__Apium_graveolens;s__Arachis_hypogaea;f__Arecaceae;s__Asparagus_officinalis;sf__Aurantioideae;g__Avena;s__Bertholletia_excelsa;s__Brassica_oleracea.AB;s__Brassica_oleracea.AC;sf__Brassiceae;g__Capsicum;s__Carica_papaya;s__Ceratonia_siliqua;g__Cissus;s__Cocos_nucifera;g__Coffea;s__Coriandrum_sativum;s__Cucumis_melo;s__Cucumis_sativus;g__Cucurbita;s__Cucurbita_moschata;f__Cucurbitaceae.1;f__Cucurbitaceae.2;s__Cyamopsis_tetragonoloba;s__Eclipta prostrata;g__Ficus;g__Hordeum;indigoferoid_millettioid_clade;s__Lactuca_sativa;f__Lauraceae;s__Lens_culinaris;s__Linum_usitatissimum;t__Maleae;g__Mentha.1;g__Mentha.2;sf__Mentheae;g__Musa;s__Myristica_fragans;sf__Nepetoideae.1;sf__Nepetoideae.2;s__Ocimum_basilicum;s__Olea europaea;g__Oryza;s__Oryza_sativa.AY;s__Oryza_sativa.CP;g__Passiflora;g__Persea;s__Peucedanum_japonicum;g__Phaseolus;s__Pimpinella_anisum;g__Pinus;g__Piper;s__Pistacia_vera;s__Pisum_sativum;g__Prunus;s__Psidium_guajava;g__Pyrus;s__Raphanus_sativus;sf__Rosoideae;s__Rubus_boninensis;st__Salviinae;s__Sesamum_indicum;sf__Solanoideae;g__Solanum;s__Solanum_lycopersicum;s__Solanum_quitoense;g__Sorghum;s__Spinacia_tetrandra;s__Theobroma_cacao;t__Triticeae;g__Vaccinium;s__Vaccinium_macrocarpon;s__Vicia_faba;g__Vigna;s__Vigna_unguiculata;sf__Viteae;s__Zea_mays
2T1;UCH.02.2b.trnl;T1;-0.092494532;1.006117757;-0.092494532;-0.092494532;-0.092494532;-0.092494532;-0.092494532;-0.092494532;-0.092494532;-0.092494532;-0.092494532;-0.092494532;-0.092494532;-0.092494532;-0.092494532;-0.092494532;-0.092494532;3.203342334;-0.092494532;4.018379333;-0.092494532;-0.092494532;3.571067115;-0.092494532;-0.092494532;-0.092494532;-0.092494532;-0.092494532;-0.092494532;-0.092494532;-0.092494532;-0.092494532;-0.092494532;-0.092494532;-0.092494532;-0.092494532;-0.092494532;-0.092494532;-0.092494532;-0.092494532;-0.092494532;-0.092494532;-0.092494532;5.739387946;5.666407242;-0.092494532;-0.092494532;-0.092494532;4.61703567;-0.092494532;-0.092494532;-0.092494532;-0.092494532;-0.092494532;-0.092494532;-0.092494532;-0.092494532;1.516943381;2.305400741;-0.092494532;2.851944448;-0.092494532;2.61555567;1.516943381;-0.092494532;-0.092494532;-0.092494532;2.851944448;-0.092494532;-0.092494532;3.203342334;-0.092494532;-0.092494532;-0.092494532;3.40401303;-0.092494532;3.571067115;-0.092494532;-0.092494532;-0.092494532;6.598347746;2.104730046;-0.092494532;-0.092494532;-0.092494532;-0.092494532;-0.092494532;3.042999684;3.799325767
2T2;UCH.02.2c.trnl.1;T2;-0.073136822;5.950310771;-0.073136822;-0.073136822;-0.073136822;3.360850382;-0.073136822;-0.073136822;-0.073136822;-0.073136822;-0.073136822;-0.073136822;-0.073136822;-0.073136822;-0.073136822;-0.073136822;-0.073136822;5.885287871;-0.073136822;6.328780375;-0.073136822;-0.073136822;-0.073136822;-0.073136822;-0.073136822;-0.073136822;-0.073136822;-0.073136822;-0.073136822;-0.073136822;-0.073136822;1.53630109;4.244351292;-0.073136822;-0.073136822;-0.073136822;-0.073136822;-0.073136822;-0.073136822;-0.073136822;-0.073136822;-0.073136822;-0.073136822;5.787649401;5.210066907;-0.073136822;-0.073136822;-0.073136822;6.223972498;-0.073136822;-0.073136822;-0.073136822;-0.073136822;-0.073136822;1.025475467;7.473837295;-0.073136822;-0.073136822;-0.073136822;-0.073136822;-0.073136822;-0.073136822;3.482211239;-0.073136822;-0.073136822;-0.073136822;2.324758451;-0.073136822;5.436251515;-0.073136822;-0.073136822;-0.073136822;-0.073136822;-0.073136822;4.755176915;-0.073136822;-0.073136822;-0.073136822;-0.073136822;-0.073136822;7.338419466;5.620595317;-0.073136822;-0.073136822;-0.073136822;-0.073136822;5.698304301;5.020613379;1.53630109
3T1;UCH.03.3b;T1;-0.215388803;3.498183264;-0.215388803;-0.215388803;1.730521346;-0.215388803;-0.215388803;-0.215388803;-0.215388803;-0.215388803;-0.215388803;3.151907027;1.730521346;4.018717702;-0.215388803;-0.215388803;-0.215388803;0.883223486;-0.215388803;2.18250647;-0.215388803;0.883223486;2.920105413;-0.215388803;-0.215388803;-0.215388803;-0.215388803;-0.215388803;2.492661398;-0.215388803;-0.215388803;-0.215388803;3.754903111;-0.215388803;-0.215388803;-0.215388803;-0.215388803;-0.215388803;-0.215388803;6.020980787;1.730521346;2.18250647;0.883223486;-0.215388803;4.546785132;-0.215388803;-0.215388803;1.39404911;1.730521346;0.883223486;4.65980852;-0.215388803;4.457440032;-0.215388803;-0.215388803;2.492661398;-0.215388803;2.18250647;-0.215388803;-0.215388803;2.349560555;-0.215388803;-0.215388803;1.981835775;-0.215388803;-0.215388803;3.754903111;3.151907027;-0.215388803;-0.215388803;3.591273687;-0.215388803;-0.215388803;-0.215388803;5.067814926;-0.215388803;3.080448063;-0.215388803;-0.215388803;-0.215388803;7.868865304;4.273247567;1.39404911;-0.215388803;-0.215388803;-0.215388803;-0.215388803;2.617824541;5.004967022
3T2;UCH.03.3c;T2;-0.179035435;1.430402477;0.919576854;-0.179035435;-0.179035435;-0.179035435;-0.179035435;-0.179035435;-0.179035435;-0.179035435;-0.179035435;0.919576854;-0.179035435;-0.179035435;-0.179035435;-0.179035435;-0.179035435;-0.179035435;-0.179035435;1.430402477;-0.179035435;-0.179035435;-0.179035435;-0.179035435;-0.179035435;-0.179035435;2.218859838;-0.179035435;1.766874714;-0.179035435;0.919576854;-0.179035435;2.529014766;-0.179035435;-0.179035435;-0.179035435;-0.179035435;-0.179035435;-0.179035435;3.116801431;6.381995231;-0.179035435;-0.179035435;-0.179035435;5.073237993;-0.179035435;-0.179035435;0.919576854;7.206815643;-0.179035435;-0.179035435;-0.179035435;-0.179035435;-0.179035435;-0.179035435;-0.179035435;-0.179035435;-0.179035435;-0.179035435;-0.179035435;-0.179035435;-0.179035435;-0.179035435;-0.179035435;-0.179035435;-0.179035435;-0.179035435;-0.179035435;-0.179035435;-0.179035435;6.095726586;-0.179035435;-0.179035435;-0.179035435;3.671112167;-0.179035435;4.838244402;-0.179035435;-0.179035435;-0.179035435;6.874550292;3.484526211;-0.179035435;-0.179035435;-0.179035435;-0.179035435;-0.179035435;1.430402477;5.53469737
4T1;UCH.04.4b.trnl;T1;-0.06464112;5.924320297;1.881269029;-0.06464112;1.881269029;1.033971169;-0.06464112;2.132583458;1.544796793;5.522607539;-0.06464112;7.934030241;2.500308238;-0.06464112;-0.06464112;-0.06464112;-0.06464112;6.811623492;-0.06464112;-0.06464112;-0.06464112;1.544796793;-0.06464112;-0.06464112;1.544796793;-0.06464112;-0.06464112;-0.06464112;2.643409081;-0.06464112;-0.06464112;-0.06464112;1.544796793;-0.06464112;-0.06464112;-0.06464112;-0.06464112;-0.06464112;-0.06464112;-0.06464112;-0.06464112;-0.06464112;-0.06464112;4.304806733;-0.06464112;2.132583458;-0.06464112;-0.06464112;7.379022563;-0.06464112;1.033971169;-0.06464112;-0.06464112;-0.06464112;-0.06464112;6.06440909;2.879797859;-0.06464112;-0.06464112;-0.06464112;1.544796793;-0.06464112;-0.06464112;-0.06464112;-0.06464112;-0.06464112;-0.06464112;-0.06464112;-0.06464112;-0.06464112;5.552129978;-0.06464112;-0.06464112;-0.06464112;4.046232744;-0.06464112;-0.06464112;-0.06464112;-0.06464112;-0.06464112;5.9732298;4.680291009;-0.06464112;-0.06464112;-0.06464112;-0.06464112;-0.06464112;-0.06464112;2.768572224
4T2;UCH.04.4c.trnl;T2;-0.054124888;7.716942198;1.044487401;1.044487401;4.023412556;-0.054124888;-0.054124888;1.891785261;-0.054124888;-0.054124888;-0.054124888;3.953208298;1.044487401;-0.054124888;-0.054124888;-0.054124888;-0.054124888;1.044487401;-0.054124888;-0.054124888;-0.054124888;-0.054124888;-0.054124888;-0.054124888;-0.054124888;-0.054124888;-0.054124888;-0.054124888;7.113684297;-0.054124888;-0.054124888;-0.054124888;-0.054124888;-0.054124888;1.044487401;-0.054124888;-0.054124888;-0.054124888;-0.054124888;1.555313025;-0.054124888;-0.054124888;-0.054124888;-0.054124888;-0.054124888;1.044487401;3.953208298;-0.054124888;8.054498381;-0.054124888;-0.054124888;-0.054124888;-0.054124888;-0.054124888;-0.054124888;4.936307699;-0.054124888;-0.054124888;-0.054124888;1.891785261;-0.054124888;-0.054124888;-0.054124888;-0.054124888;-0.054124888;-0.054124888;-0.054124888;4.560995629;-0.054124888;-0.054124888;-0.054124888;-0.054124888;-0.054124888;-0.054124888;5.646318686;-0.054124888;-0.054124888;-0.054124888;-0.054124888;-0.054124888;-0.054124888;4.179981617;-0.054124888;-0.054124888;-0.054124888;-0.054124888;-0.054124888;-0.054124888;-0.054124888
5T1;UCH.05.5b;T1;-0.150370168;0.94824212;-0.150370168;-0.150370168;-0.150370168;-0.150370168;-0.150370168;-0.150370168;-0.150370168;-0.150370168;-0.150370168;4.403506723;-0.150370168;0.94824212;-0.150370168;-0.150370168;-0.150370168;-0.150370168;-0.150370168;8.302604451;3.460547744;3.656292322;-0.150370168;-0.150370168;-0.150370168;-0.150370168;-0.150370168;-0.150370168;2.414579189;-0.150370168;-0.150370168;-0.150370168;-0.150370168;-0.150370168;-0.150370168;-0.150370168;-0.150370168;-0.150370168;-0.150370168;3.513191478;-0.150370168;-0.150370168;-0.150370168;-0.150370168;-0.150370168;-0.150370168;-0.150370168;-0.150370168;3.699777433;-0.150370168;2.89415227;-0.150370168;3.927167276;-0.150370168;-0.150370168;0.94824212;-0.150370168;1.459067744;1.459067744;-0.150370168;-0.150370168;-0.150370168;-0.150370168;-0.150370168;-0.150370168;-0.150370168;-0.150370168;1.795539981;-0.150370168;-0.150370168;2.046854409;-0.150370168;-0.150370168;-0.150370168;1.795539981;-0.150370168;0.94824212;-0.150370168;-0.150370168;-0.150370168;7.22174786;2.046854409;-0.150370168;-0.150370168;-0.150370168;-0.150370168;-0.150370168;-0.150370168;4.444749682
5T2;UCH.05.5c;T2;1.812440279;1.475968043;-0.13346987;-0.13346987;-0.13346987;-0.13346987;-0.13346987;-0.13346987;-0.13346987;3.977403994;-0.13346987;4.0409174;4.260979285;0.965142419;-0.13346987;-0.13346987;-0.13346987;2.063754708;-0.13346987;2.574580331;-0.13346987;-0.13346987;-0.13346987;-0.13346987;-0.13346987;-0.13346987;-0.13346987;-0.13346987;4.678714486;-0.13346987;1.812440279;-0.13346987;-0.13346987;-0.13346987;-0.13346987;1.475968043;-0.13346987;-0.13346987;-0.13346987;4.100636635;0.965142419;1.812440279;-0.13346987;-0.13346987;0.965142419;-0.13346987;-0.13346987;-0.13346987;7.886471818;-0.13346987;-0.13346987;-0.13346987;-0.13346987;-0.13346987;-0.13346987;2.063754708;-0.13346987;-0.13346987;0.965142419;-0.13346987;0.965142419;-0.13346987;-0.13346987;-0.13346987;-0.13346987;-0.13346987;-0.13346987;-0.13346987;-0.13346987;-0.13346987;7.579421092;-0.13346987;-0.13346987;-0.13346987;2.431479488;-0.13346987;-0.13346987;-0.13346987;-0.13346987;-0.13346987;7.064713707;3.798355763;-0.13346987;-0.13346987;-0.13346987;-0.13346987;-0.13346987;2.431479488;3.627730246
7T1;UCH.07.7b.trnl;T1;-0.114309185;2.283586087;-0.114309185;-0.114309185;-0.114309185;3.692353304;-0.114309185;-0.114309185;-0.114309185;-0.114309185;-0.114309185;5.735015595;-0.114309185;2.450640172;-0.114309185;-0.114309185;-0.114309185;4.480810665;-0.114309185;-0.114309185;-0.114309185;3.599262881;-0.114309185;-0.114309185;-0.114309185;-0.114309185;-0.114309185;-0.114309185;-0.114309185;-0.114309185;-0.114309185;-0.114309185;-0.114309185;-0.114309185;-0.114309185;-0.114309185;-0.114309185;-0.114309185;-0.114309185;-0.114309185;-0.114309185;3.549252461;8.105824772;-0.114309185;3.382198376;-0.114309185;-0.114309185;6.253878001;6.069839706;-0.114309185;2.593741016;-0.114309185;2.082915392;-0.114309185;-0.114309185;2.830129794;-0.114309185;1.495128727;-0.114309185;0.984303103;4.028825541;-0.114309185;1.495128727;3.777511113;-0.114309185;-0.114309185;-0.114309185;5.395079151;-0.114309185;-0.114309185;-0.114309185;-0.114309185;-0.114309185;-0.114309185;4.820164748;-0.114309185;4.418290308;-0.114309185;-0.114309185;-0.114309185;5.879652242;2.082915392;-0.114309185;-0.114309185;-0.114309185;-0.114309185;-0.114309185;0.984303103;5.283853516
7T2;UCH.07.7c.trnl;T2;-0.066535513;-0.066535513;-0.066535513;-0.066535513;-0.066535513;-0.066535513;-0.066535513;-0.066535513;-0.066535513;-0.066535513;-0.066535513;3.976515755;-0.066535513;4.46606398;-0.066535513;-0.066535513;-0.066535513;4.011001931;2.498413844;1.032076776;-0.066535513;-0.066535513;-0.066535513;-0.066535513;-0.066535513;-0.066535513;-0.066535513;1.032076776;-0.066535513;-0.066535513;-0.066535513;-0.066535513;-0.066535513;-0.066535513;-0.066535513;-0.066535513;-0.066535513;-0.066535513;-0.066535513;4.910198229;-0.066535513;-0.066535513;5.185737915;-0.066535513;8.663346772;-0.066535513;-0.066535513;1.542902399;5.42652593;-0.066535513;-0.066535513;-0.066535513;-0.066535513;-0.066535513;-0.066535513;3.068958703;-0.066535513;-0.066535513;5.855042907;-0.066535513;-0.066535513;-0.066535513;1.032076776;1.032076776;-0.066535513;-0.066535513;4.376115743;3.825284785;1.542902399;1.542902399;-0.066535513;-0.066535513;-0.066535513;1.542902399;3.825284785;-0.066535513;1.542902399;1.879374636;-0.066535513;-0.066535513;5.051458299;1.542902399;-0.066535513;-0.066535513;-0.066535513;-0.066535513;-0.066535513;2.977986925;2.977986925
8T1;UCH.08.8b;T1;-0.211332038;-0.211332038;-0.211332038;-0.211332038;-0.211332038;-0.211332038;-0.211332038;-0.211332038;-0.211332038;-0.211332038;-0.211332038;3.758959875;-0.211332038;-0.211332038;-0.211332038;-0.211332038;-0.211332038;-0.211332038;-0.211332038;2.621881306;-0.211332038;-0.211332038;0.88728025;-0.211332038;-0.211332038;-0.211332038;-0.211332038;-0.211332038;-0.211332038;-0.211332038;-0.211332038;-0.211332038;-0.211332038;-0.211332038;-0.211332038;-0.211332038;-0.211332038;-0.211332038;-0.211332038;0.88728025;0.88728025;-0.211332038;-0.211332038;-0.211332038;6.107636075;-0.211332038;-0.211332038;4.987164993;5.886742244;-0.211332038;-0.211332038;-0.211332038;-0.211332038;-0.211332038;-0.211332038;-0.211332038;-0.211332038;2.186563234;1.398105874;-0.211332038;0.88728025;-0.211332038;-0.211332038;-0.211332038;-0.211332038;-0.211332038;0.88728025;0.88728025;0.88728025;-0.211332038;2.733106941;-0.211332038;-0.211332038;-0.211332038;3.007543787;-0.211332038;3.084504828;-0.211332038;-0.211332038;-0.211332038;7.233501236;2.833190399;-0.211332038;-0.211332038;-0.211332038;-0.211332038;-0.211332038;3.084504828;2.186563234
8T2;UCH.08.8c;T2;-0.210750288;-0.210750288;-0.210750288;-0.210750288;-0.210750288;-0.210750288;-0.210750288;2.354199069;-0.210750288;-0.210750288;-0.210750288;2.354199069;-0.210750288;-0.210750288;-0.210750288;-0.210750288;0.887862001;-0.210750288;-0.210750288;-0.210750288;-0.210750288;1.398687624;-0.210750288;-0.210750288;-0.210750288;-0.210750288;-0.210750288;-0.210750288;-0.210750288;-0.210750288;-0.210750288;-0.210750288;-0.210750288;0.887862001;-0.210750288;-0.210750288;-0.210750288;-0.210750288;-0.210750288;4.845495517;3.344597773;-0.210750288;2.187144985;-0.210750288;-0.210750288;-0.210750288;-0.210750288;-0.210750288;7.286456935;-0.210750288;2.733688691;-0.210750288;3.550449828;-0.210750288;-0.210750288;1.398687624;-0.210750288;-0.210750288;-0.210750288;-0.210750288;0.887862001;-0.210750288;-0.210750288;-0.210750288;-0.210750288;0.887862001;-0.210750288;-0.210750288;-0.210750288;-0.210750288;2.187144985;-0.210750288;-0.210750288;-0.210750288;3.285757273;-0.210750288;3.866787156;-0.210750288;-0.210750288;-0.210750288;5.6725721;5.798062897;-0.210750288;-0.210750288;-0.210750288;-0.210750288;-0.210750288;1.398687624;4.498779913
9T1;UCH.09.9b.trnl.1;T1;-0.062053536;-0.062053536;-0.062053536;-0.062053536;-0.062053536;-0.062053536;-0.062053536;-0.062053536;-0.062053536;-0.062053536;2.882385443;-0.062053536;-0.062053536;2.645996665;-0.062053536;-0.062053536;-0.062053536;1.547384377;-0.062053536;-0.062053536;-0.062053536;-0.062053536;-0.062053536;4.470545957;-0.062053536;1.036558753;-0.062053536;-0.062053536;-0.062053536;-0.062053536;-0.062053536;-0.062053536;-0.062053536;-0.062053536;-0.062053536;-0.062053536;-0.062053536;-0.062053536;-0.062053536;6.98110638;-0.062053536;4.533066314;-0.062053536;-0.062053536;-0.062053536;-0.062053536;-0.062053536;-0.062053536;6.249681273;-0.062053536;-0.062053536;-0.062053536;-0.062053536;-0.062053536;-0.062053536;4.591906814;-0.062053536;-0.062053536;-0.062053536;-0.062053536;5.019350829;-0.062053536;2.135171042;-0.062053536;-0.062053536;-0.062053536;-0.062053536;6.778492994;-0.062053536;-0.062053536;-0.062053536;-0.062053536;-0.062053536;2.502895822;4.572675453;-0.062053536;3.434454026;-0.062053536;-0.062053536;1.036558753;8.097035119;4.782133551;-0.062053536;-0.062053536;1.036558753;-0.062053536;-0.062053536;5.74006484;6.281826898
9T2;UCH.09.9c.trnl;T2;-0.080998399;4.714792146;-0.080998399;-0.080998399;-0.080998399;3.725664091;-0.080998399;-0.080998399;-0.080998399;-0.080998399;-0.080998399;6.375771256;-0.080998399;1.017613889;-0.080998399;-0.080998399;-0.080998399;-0.080998399;-0.080998399;1.017613889;-0.080998399;3.926334786;-0.080998399;-0.080998399;-0.080998399;-0.080998399;-0.080998399;-0.080998399;1.017613889;-0.080998399;-0.080998399;-0.080998399;-0.080998399;1.528439513;4.794198924;-0.080998399;-0.080998399;-0.080998399;1.017613889;5.861800976;-0.080998399;-0.080998399;-0.080998399;-0.080998399;-0.080998399;-0.080998399;-0.080998399;5.652342878;6.919336061;-0.080998399;-0.080998399;-0.080998399;-0.080998399;-0.080998399;1.017613889;6.131607697;-0.080998399;1.86491175;-0.080998399;-0.080998399;-0.080998399;1.017613889;4.838982527;-0.080998399;-0.080998399;-0.080998399;-0.080998399;7.014894822;-0.080998399;-0.080998399;-0.080998399;-0.080998399;-0.080998399;-0.080998399;4.534122118;-0.080998399;-0.080998399;-0.080998399;-0.080998399;-0.080998399;7.37198393;6.208717172;-0.080998399;-0.080998399;-0.080998399;-0.080998399;-0.080998399;2.627051802;6.300817618
10T1;UCH.10.10b;T1;-0.214494143;-0.214494143;-0.214494143;-0.214494143;-0.214494143;0.884118146;-0.214494143;-0.214494143;-0.214494143;-0.214494143;-0.214494143;1.982730435;-0.214494143;1.731416006;-0.214494143;-0.214494143;-0.214494143;-0.214494143;-0.214494143;3.081342723;-0.214494143;-0.214494143;0.884118146;-0.214494143;-0.214494143;-0.214494143;-0.214494143;-0.214494143;-0.214494143;-0.214494143;-0.214494143;-0.214494143;-0.214494143;1.39494377;-0.214494143;-0.214494143;-0.214494143;-0.214494143;-0.214494143;3.863043301;-0.214494143;0.884118146;1.731416006;-0.214494143;0.884118146;-0.214494143;-0.214494143;4.019612362;7.161388005;-0.214494143;2.921000073;-0.214494143;3.282013419;-0.214494143;-0.214494143;4.547679792;-0.214494143;2.921000073;6.814593421;-0.214494143;-0.214494143;-0.214494143;-0.214494143;-0.214494143;-0.214494143;-0.214494143;-0.214494143;-0.214494143;-0.214494143;-0.214494143;2.921000073;-0.214494143;-0.214494143;-0.214494143;3.282013419;-0.214494143;-0.214494143;-0.214494143;-0.214494143;-0.214494143;6.493589941;4.075965298;-0.214494143;-0.214494143;-0.214494143;-0.214494143;-0.214494143;0.884118146;3.792839042
10T2;UCH.10.10c;T2;-0.218697333;-0.218697333;-0.218697333;-0.218697333;1.390740579;-0.218697333;-0.218697333;-0.218697333;-0.218697333;3.892176531;0.879914956;3.542502783;-0.218697333;0.879914956;-0.218697333;-0.218697333;-0.218697333;-0.218697333;-0.218697333;0.879914956;-0.218697333;-0.218697333;0.879914956;-0.218697333;-0.218697333;-0.218697333;0.879914956;-0.218697333;0.879914956;-0.218697333;-0.218697333;-0.218697333;-0.218697333;1.390740579;-0.218697333;-0.218697333;-0.218697333;-0.218697333;-0.218697333;3.824353935;-0.218697333;4.15075052;2.614516011;-0.218697333;1.390740579;-0.218697333;-0.218697333;-0.218697333;5.306755606;-0.218697333;-0.218697333;-0.218697333;-0.218697333;-0.218697333;-0.218697333;-0.218697333;-0.218697333;-0.218697333;6.296015358;-0.218697333;2.825825105;-0.218697333;-0.218697333;1.978527244;-0.218697333;-0.218697333;-0.218697333;2.346252025;-0.218697333;-0.218697333;2.614516011;-0.218697333;1.727212816;2.17919794;3.824353935;-0.218697333;-0.218697333;-0.218697333;-0.218697333;-0.218697333;6.400041651;0.879914956;-0.218697333;-0.218697333;-0.218697333;-0.218697333;-0.218697333;1.978527244;7.425743429
11T1;UCH.11.11b.trnl;T1;-0.096864151;3.566697495;-0.096864151;-0.096864151;-0.096864151;3.664335965;-0.096864151;5.196440674;-0.096864151;-0.096864151;-0.096864151;4.391772219;1.512573761;3.709798339;-0.096864151;-0.096864151;1.001748138;3.664335965;-0.096864151;4.557096199;-0.096864151;-0.096864151;3.198972715;-0.096864151;-0.096864151;-0.096864151;-0.096864151;-0.096864151;5.705254224;-0.096864151;-0.096864151;-0.096864151;1.849045998;-0.096864151;2.468085207;-0.096864151;-0.096864151;-0.096864151;-0.096864151;6.728595885;-0.096864151;1.001748138;-0.096864151;-0.096864151;-0.096864151;-0.096864151;-0.096864151;-0.096864151;6.411904986;-0.096864151;-0.096864151;-0.096864151;-0.096864151;-0.096864151;-0.096864151;5.396197292;1.849045998;-0.096864151;6.608774944;-0.096864151;6.586496795;-0.096864151;1.849045998;-0.096864151;-0.096864151;-0.096864151;1.001748138;2.468085207;-0.096864151;-0.096864151;6.722059914;-0.096864151;-0.096864151;-0.096864151;1.849045998;-0.096864151;2.100360426;-0.096864151;-0.096864151;-0.096864151;7.207651796;5.916851005;-0.096864151;-0.096864151;-0.096864151;-0.096864151;4.345787106;-0.096864151;3.399643411
11T2;UCH.11.11c.trnl;T2;-0.062424391;1.883485758;-0.062424391;-0.062424391;-0.062424391;8.521492433;-0.062424391;1.883485758;-0.062424391;-0.062424391;-0.062424391;3.492923671;-0.062424391;-0.062424391;-0.062424391;-0.062424391;-0.062424391;4.356416217;-0.062424391;2.770788953;-0.062424391;-0.062424391;1.036187898;-0.062424391;-0.062424391;-0.062424391;-0.062424391;1.036187898;3.601137255;-0.062424391;-0.062424391;-0.062424391;-0.062424391;-0.062424391;-0.062424391;-0.062424391;-0.062424391;-0.062424391;-0.062424391;2.770788953;2.64562581;-0.062424391;-0.062424391;-0.062424391;1.036187898;-0.062424391;-0.062424391;-0.062424391;6.727672845;-0.062424391;-0.062424391;-0.062424391;-0.062424391;-0.062424391;-0.062424391;3.233412475;1.883485758;-0.062424391;3.233412475;-0.062424391;4.552696126;-0.062424391;3.492923671;-0.062424391;-0.062424391;-0.062424391;4.872049542;3.073069825;-0.062424391;-0.062424391;1.036187898;-0.062424391;-0.062424391;-0.062424391;1.883485758;-0.062424391;-0.062424391;-0.062424391;-0.062424391;-0.062424391;6.223573704;2.335470882;-0.062424391;-0.062424391;-0.062424391;-0.062424391;-0.062424391;-0.062424391;5.931537037
12T1;UCH.12.12b;T1;-0.191294597;2.516755604;-0.191294597;-0.191294597;1.754615552;0.907317692;-0.191294597;-0.191294597;-0.191294597;-0.191294597;-0.191294597;3.027581228;-0.191294597;2.944199619;-0.191294597;1.754615552;2.206600676;4.902455604;0.907317692;2.516755604;-0.191294597;-0.191294597;-0.191294597;-0.191294597;-0.191294597;2.516755604;1.418143315;-0.191294597;2.516755604;-0.191294597;-0.191294597;-0.191294597;-0.191294597;-0.191294597;0.907317692;-0.191294597;-0.191294597;-0.191294597;-0.191294597;4.099164844;-0.191294597;-0.191294597;5.395954061;-0.191294597;-0.191294597;-0.191294597;-0.191294597;1.754615552;7.276647735;-0.191294597;-0.191294597;-0.191294597;1.754615552;-0.191294597;-0.191294597;1.418143315;-0.191294597;3.027581228;3.364053465;-0.191294597;2.373654761;-0.191294597;-0.191294597;3.951840129;-0.191294597;-0.191294597;5.610823778;-0.191294597;-0.191294597;-0.191294597;6.49456635;-0.191294597;-0.191294597;-0.191294597;5.365533465;-0.191294597;1.754615552;-0.191294597;-0.191294597;-0.191294597;6.57374438;3.104542269;-0.191294597;-0.191294597;-0.191294597;-0.191294597;-0.191294597;7.198269357;5.102010228
12T2;UCH.12.12c;T2;-0.195705201;-0.195705201;-0.195705201;-0.195705201;-0.195705201;2.001519376;-0.195705201;1.413732711;-0.195705201;-0.195705201;-0.195705201;2.001519376;1.750204948;-0.195705201;1.750204948;-0.195705201;-0.195705201;6.162137065;0.902907087;-0.195705201;-0.195705201;-0.195705201;0.902907087;-0.195705201;-0.195705201;-0.195705201;3.30080236;-0.195705201;2.369244156;-0.195705201;-0.195705201;-0.195705201;-0.195705201;0.902907087;-0.195705201;-0.195705201;-0.195705201;2.202190071;-0.195705201;-0.195705201;3.610957288;0.902907087;0.902907087;-0.195705201;-0.195705201;-0.195705201;-0.195705201;-0.195705201;7.589599981;-0.195705201;-0.195705201;-0.195705201;1.413732711;-0.195705201;-0.195705201;5.2024575;1.413732711;0.902907087;2.202190071;-0.195705201;6.822696598;-0.195705201;-0.195705201;3.847346066;-0.195705201;-0.195705201;2.001519376;-0.195705201;-0.195705201;-0.195705201;2.637508143;-0.195705201;-0.195705201;-0.195705201;5.783180564;-0.195705201;0.902907087;2.202190071;0.902907087;-0.195705201;7.089801347;5.127304778;-0.195705201;-0.195705201;-0.195705201;-0.195705201;-0.195705201;1.413732711;3.811627984
13T1;UCH.13.13b.trnl;T1;-0.092147995;2.852290984;-0.092147995;-0.092147995;-0.092147995;1.006464294;-0.092147995;-0.092147995;-0.092147995;-0.092147995;-0.092147995;3.203688871;-0.092147995;2.472801363;-0.092147995;-0.092147995;-0.092147995;3.34183921;-0.092147995;-0.092147995;-0.092147995;2.472801363;1.853762154;-0.092147995;-0.092147995;-0.092147995;-0.092147995;-0.092147995;3.915185191;-0.092147995;1.517289918;-0.092147995;-0.092147995;-0.092147995;3.621424072;-0.092147995;-0.092147995;-0.092147995;-0.092147995;3.714514495;5.524623103;-0.092147995;-0.092147995;-0.092147995;1.006464294;-0.092147995;-0.092147995;-0.092147995;6.788236087;-0.092147995;1.006464294;-0.092147995;1.006464294;-0.092147995;-0.092147995;-0.092147995;-0.092147995;-0.092147995;3.878143919;-0.092147995;2.741065349;-0.092147995;4.170531882;-0.092147995;-0.092147995;-0.092147995;4.898284592;-0.092147995;-0.092147995;-0.092147995;3.950903273;-0.092147995;-0.092147995;1.006464294;2.615902206;-0.092147995;1.006464294;-0.092147995;-0.092147995;-0.092147995;6.186373429;3.757999607;-0.092147995;-0.092147995;-0.092147995;-0.092147995;-0.092147995;1.517289918;3.757999607
13T2;UCH.13.13c.trnl;T2;-0.09829355;4.245511872;-0.09829355;-0.09829355;-0.09829355;-0.09829355;-0.09829355;-0.09829355;-0.09829355;-0.09829355;-0.09829355;2.299601723;-0.09829355;5.75103123;-0.09829355;-0.09829355;-0.09829355;1.000318739;-0.09829355;1.511144362;-0.09829355;-0.09829355;-0.09829355;-0.09829355;-0.09829355;-0.09829355;-0.09829355;-0.09829355;6.42820131;-0.09829355;-0.09829355;-0.09829355;-0.09829355;-0.09829355;-0.09829355;-0.09829355;-0.09829355;-0.09829355;-0.09829355;5.054998044;7.030202396;5.481436276;-0.09829355;-0.09829355;3.565268096;1.511144362;4.07609372;3.457054511;3.871998363;-0.09829355;-0.09829355;-0.09829355;-0.09829355;-0.09829355;-0.09829355;-0.09829355;-0.09829355;-0.09829355;-0.09829355;-0.09829355;-0.09829355;-0.09829355;2.299601723;3.833532083;-0.09829355;-0.09829355;2.466655807;-0.09829355;-0.09829355;-0.09829355;2.466655807;-0.09829355;-0.09829355;-0.09829355;4.271154302;1.000318739;2.946228888;-0.09829355;-0.09829355;-0.09829355;-0.09829355;2.846145429;-0.09829355;3.26900228;-0.09829355;-0.09829355;1.511144362;1.000318739;7.07566477
15T1;UCH.15.15b;T2;-0.201035455;-0.201035455;-0.201035455;-0.201035455;-0.201035455;-0.201035455;-0.201035455;-0.201035455;-0.201035455;-0.201035455;0.897576833;-0.201035455;-0.201035455;-0.201035455;-0.201035455;-0.201035455;-0.201035455;2.507014746;-0.201035455;7.422117613;3.01784037;-0.201035455;-0.201035455;-0.201035455;-0.201035455;-0.201035455;-0.201035455;-0.201035455;1.744874694;-0.201035455;-0.201035455;-0.201035455;-0.201035455;0.897576833;-0.201035455;-0.201035455;-0.201035455;-0.201035455;-0.201035455;2.363913902;5.636694992;-0.201035455;1.996189122;-0.201035455;2.196859817;-0.201035455;-0.201035455;-0.201035455;5.932362588;-0.201035455;-0.201035455;-0.201035455;-0.201035455;-0.201035455;0.897576833;3.295472106;-0.201035455;-0.201035455;4.217805152;-0.201035455;0.897576833;-0.201035455;-0.201035455;1.408402457;-0.201035455;1.744874694;-0.201035455;-0.201035455;-0.201035455;-0.201035455;2.196859817;-0.201035455;-0.201035455;4.689313673;2.934458761;-0.201035455;2.743403524;-0.201035455;-0.201035455;-0.201035455;6.339994544;1.408402457;-0.201035455;-0.201035455;-0.201035455;-0.201035455;-0.201035455;2.196859817;1.408402457
15T2;UCH.15.15c;T2;-0.188632897;0.909979392;-0.188632897;-0.188632897;-0.188632897;2.519417305;-0.188632897;-0.188632897;-0.188632897;-0.188632897;-0.188632897;2.209262376;-0.188632897;-0.188632897;-0.188632897;-0.188632897;1.420805016;0.909979392;-0.188632897;2.376316461;-0.188632897;-0.188632897;-0.188632897;-0.188632897;-0.188632897;-0.188632897;-0.188632897;-0.188632897;-0.188632897;-0.188632897;-0.188632897;-0.188632897;-0.188632897;-0.188632897;-0.188632897;-0.188632897;-0.188632897;-0.188632897;-0.188632897;3.245354308;0.909979392;2.209262376;-0.188632897;-0.188632897;1.420805016;-0.188632897;-0.188632897;-0.188632897;6.654050386;-0.188632897;-0.188632897;-0.188632897;-0.188632897;-0.188632897;-0.188632897;2.855889541;-0.188632897;-0.188632897;-0.188632897;-0.188632897;1.757277252;-0.188632897;-0.188632897;-0.188632897;-0.188632897;-0.188632897;-0.188632897;-0.188632897;-0.188632897;-0.188632897;8.083937712;-0.188632897;-0.188632897;1.420805016;4.639680841;-0.188632897;1.420805016;-0.188632897;-0.188632897;-0.188632897;4.277275222;2.755806083;-0.188632897;-0.188632897;-0.188632897;-0.188632897;-0.188632897;0.909979392;3.781659017
16T1;UCH.16.16b;T1;-0.265560407;2.678878572;0.833051882;-0.265560407;-0.265560407;-0.265560407;-0.265560407;-0.265560407;-0.265560407;5.795896512;-0.265560407;5.114336947;0.833051882;-0.265560407;4.34956011;-0.265560407;0.833051882;2.567652937;-0.265560407;4.153280201;-0.265560407;-0.265560407;-0.265560407;-0.265560407;-0.265560407;1.343877505;2.567652937;-0.265560407;3.030276459;0.833051882;-0.265560407;-0.265560407;-0.265560407;1.343877505;0.833051882;-0.265560407;-0.265560407;-0.265560407;-0.265560407;0.833051882;1.680349742;-0.265560407;1.343877505;-0.265560407;7.087521514;-0.265560407;-0.265560407;-0.265560407;6.237229639;-0.265560407;-0.265560407;-0.265560407;-0.265560407;-0.265560407;-0.265560407;2.778962031;-0.265560407;1.680349742;0.833051882;-0.265560407;4.986713021;-0.265560407;-0.265560407;0.833051882;0.833051882;0.833051882;-0.265560407;-0.265560407;-0.265560407;-0.265560407;5.027744418;-0.265560407;-0.265560407;-0.265560407;1.343877505;-0.265560407;0.833051882;-0.265560407;-0.265560407;-0.265560407;4.697284223;-0.265560407;-0.265560407;-0.265560407;-0.265560407;-0.265560407;-0.265560407;6.492534097;2.567652937
16T2;UCH.16.16c;T2;-0.345179341;2.052715932;-0.345179341;-0.345179341;-0.345179341;-0.345179341;-0.345179341;2.052715932;-0.345179341;-0.345179341;-0.345179341;1.264258571;-0.345179341;1.600730808;-0.345179341;-0.345179341;-0.345179341;4.736225024;-0.345179341;-0.345179341;-0.345179341;-0.345179341;2.488034003;-0.345179341;-0.345179341;-0.345179341;-0.345179341;-0.345179341;-0.345179341;-0.345179341;-0.345179341;-0.345179341;-0.345179341;1.264258571;-0.345179341;-0.345179341;-0.345179341;-0.345179341;-0.345179341;3.662153844;-0.345179341;-0.345179341;-0.345179341;-0.345179341;-0.345179341;-0.345179341;-0.345179341;3.088807864;5.456939034;-0.345179341;-0.345179341;-0.345179341;0.753432948;-0.345179341;-0.345179341;-0.345179341;-0.345179341;0.753432948;-0.345179341;-0.345179341;2.052715932;-0.345179341;-0.345179341;1.600730808;-0.345179341;-0.345179341;-0.345179341;-0.345179341;-0.345179341;-0.345179341;3.504968261;-0.345179341;-0.345179341;-0.345179341;3.917500536;-0.345179341;0.753432948;5.15607887;-0.345179341;-0.345179341;5.226974691;1.852045236;-0.345179341;-0.345179341;2.052715932;-0.345179341;-0.345179341;-0.345179341;3.888927164
17T1;UCH.17.17b;T1;0.909139804;1.756437665;-0.189472484;-0.189472484;-0.189472484;-0.189472484;-0.189472484;-0.189472484;-0.189472484;2.754966495;-0.189472484;0.909139804;-0.189472484;1.756437665;-0.189472484;-0.189472484;-0.189472484;8.045092509;-0.189472484;3.88806496;-0.189472484;-0.189472484;2.007752093;-0.189472484;-0.189472484;0.909139804;-0.189472484;-0.189472484;-0.189472484;-0.189472484;-0.189472484;-0.189472484;-0.189472484;-0.189472484;-0.189472484;-0.189472484;-0.189472484;-0.189472484;-0.189472484;3.106364382;-0.189472484;-0.189472484;3.953662242;-0.189472484;5.375047923;-0.189472484;-0.189472484;-0.189472484;6.609583378;-0.189472484;-0.189472484;-0.189472484;-0.189472484;-0.189472484;-0.189472484;2.208422788;-0.189472484;2.855049953;-0.189472484;-0.189472484;-0.189472484;-0.189472484;-0.189472484;-0.189472484;-0.189472484;2.208422788;1.419965428;4.589651009;3.524099582;-0.189472484;2.64374086;-0.189472484;-0.189472484;-0.189472484;1.419965428;-0.189472484;-0.189472484;-0.189472484;-0.189472484;-0.189472484;3.177823346;3.029403341;-0.189472484;-0.189472484;-0.189472484;-0.189472484;-0.189472484;0.909139804;4.364404407
17T2;UCH.17.17c;T2;-0.188916148;0.909696141;-0.188916148;-0.188916148;-0.188916148;-0.188916148;0.909696141;-0.188916148;-0.188916148;-0.188916148;-0.188916148;-0.188916148;1.420521765;-0.188916148;-0.188916148;-0.188916148;-0.188916148;0.909696141;-0.188916148;1.756994001;-0.188916148;-0.188916148;3.245071057;-0.188916148;-0.188916148;-0.188916148;-0.188916148;-0.188916148;-0.188916148;-0.188916148;-0.188916148;-0.188916148;-0.188916148;-0.188916148;-0.188916148;-0.188916148;0.909696141;-0.188916148;-0.188916148;6.23270612;-0.188916148;1.420521765;5.344473341;-0.188916148;-0.188916148;-0.188916148;-0.188916148;3.106920718;8.118296479;-0.188916148;-0.188916148;-0.188916148;-0.188916148;2.644297196;-0.188916148;3.781375766;-0.188916148;-0.188916148;-0.188916148;-0.188916148;1.420521765;-0.188916148;-0.188916148;3.029959677;-0.188916148;-0.188916148;2.00830843;2.37603321;-0.188916148;-0.188916148;4.483912687;-0.188916148;-0.188916148;-0.188916148;4.321943359;-0.188916148;0.909696141;-0.188916148;-0.188916148;-0.188916148;3.366431914;1.756994001;-0.188916148;-0.188916148;-0.188916148;-0.188916148;-0.188916148;0.909696141;5.37560426
18T1;UCH.18.18b.trnl;T1;-0.066521984;1.542915929;-0.066521984;-0.066521984;-0.066521984;2.130702593;-0.066521984;-0.066521984;-0.066521984;-0.066521984;-0.066521984;4.882237906;-0.066521984;-0.066521984;-0.066521984;-0.066521984;-0.066521984;3.488826078;-0.066521984;1.032090305;-0.066521984;-0.066521984;2.498427374;-0.066521984;-0.066521984;-0.066521984;-0.066521984;-0.066521984;2.498427374;-0.066521984;-0.066521984;-0.066521984;-0.066521984;-0.066521984;-0.066521984;-0.066521984;-0.066521984;-0.066521984;-0.066521984;5.109627749;1.879388165;-0.066521984;-0.066521984;-0.066521984;-0.066521984;-0.066521984;-0.066521984;-0.066521984;7.913159319;-0.066521984;-0.066521984;-0.066521984;-0.066521984;-0.066521984;-0.066521984;4.624825898;-0.066521984;-0.066521984;-0.066521984;-0.066521984;-0.066521984;-0.066521984;1.879388165;3.367465221;-0.066521984;6.568111374;-0.066521984;3.300773846;-0.066521984;-0.066521984;7.143557644;1.032090305;-0.066521984;-0.066521984;5.765360493;-0.066521984;2.130702593;-0.066521984;-0.066521984;-0.066521984;6.408910733;4.79329042;-0.066521984;-0.066521984;-0.066521984;-0.066521984;-0.066521984;-0.066521984;6.807676512
18T2;UCH.18.18c.trnl;T2;-0.060592937;-0.060592937;1.038019352;-0.060592937;1.548844975;1.548844975;-0.060592937;-0.060592937;-0.060592937;-0.060592937;-0.060592937;3.306702893;1.885317212;1.038019352;-0.060592937;-0.060592937;-0.060592937;-0.060592937;-0.060592937;-0.060592937;-0.060592937;1.038019352;-0.060592937;-0.060592937;-0.060592937;-0.060592937;-0.060592937;-0.060592937;3.602968709;-0.060592937;-0.060592937;-0.060592937;-0.060592937;-0.060592937;-0.060592937;-0.060592937;-0.060592937;-0.060592937;1.038019352;2.883846042;5.337569765;-0.060592937;-0.060592937;-0.060592937;-0.060592937;-0.060592937;-0.060592937;2.337302336;8.471488867;-0.060592937;-0.060592937;1.548844975;-0.060592937;-0.060592937;-0.060592937;2.50435642;-0.060592937;-0.060592937;-0.060592937;-0.060592937;6.40243652;-0.060592937;4.144099682;-0.060592937;-0.060592937;-0.060592937;1.548844975;-0.060592937;-0.060592937;-0.060592937;3.909698977;-0.060592937;-0.060592937;1.548844975;4.9566869;-0.060592937;1.548844975;-0.060592937;-0.060592937;-0.060592937;6.605090781;3.494755125;-0.060592937;-0.060592937;-0.060592937;-0.060592937;-0.060592937;-0.060592937;6.081444469
19T1;UCH.19.19b;T1;-0.147335781;2.685877563;-0.147335781;-0.147335781;0.951276508;4.057356838;-0.147335781;-0.147335781;-0.147335781;1.462102131;0.951276508;3.744484517;-0.147335781;-0.147335781;-0.147335781;-0.147335781;2.049888796;1.798574368;-0.147335781;3.859997404;-0.147335781;0.951276508;-0.147335781;-0.147335781;-0.147335781;-0.147335781;-0.147335781;-0.147335781;3.659326709;-0.147335781;-0.147335781;-0.147335781;-0.147335781;-0.147335781;-0.147335781;-0.147335781;-0.147335781;-0.147335781;-0.147335781;5.932597414;-0.147335781;-0.147335781;4.648454764;-0.147335781;1.462102131;-0.147335781;-0.147335781;-0.147335781;6.185943847;-0.147335781;0.951276508;-0.147335781;-0.147335781;-0.147335781;-0.147335781;3.784489852;-0.147335781;-0.147335781;-0.147335781;-0.147335781;0.951276508;-0.147335781;-0.147335781;-0.147335781;-0.147335781;-0.147335781;0.951276508;-0.147335781;-0.147335781;-0.147335781;6.053173393;-0.147335781;-0.147335781;0.951276508;5.175674198;-0.147335781;3.744484517;-0.147335781;-0.147335781;0.951276508;8.206161318;4.295315475;-0.147335781;-0.147335781;-0.147335781;-0.147335781;-0.147335781;2.049888796;4.787138152
19T2;UCH.19.19c;T2;-0.079389062;-0.079389062;-0.079389062;-0.079389062;-0.079389062;-0.079389062;-0.079389062;-0.079389062;-0.079389062;-0.079389062;-0.079389062;4.125303557;-0.079389062;-0.079389062;-0.079389062;-0.079389062;-0.079389062;-0.079389062;-0.079389062;-0.079389062;-0.079389062;-0.079389062;-0.079389062;-0.079389062;-0.079389062;-0.079389062;-0.079389062;-0.079389062;-0.079389062;-0.079389062;2.485560295;-0.079389062;-0.079389062;1.019223227;-0.079389062;-0.079389062;-0.079389062;-0.079389062;-0.079389062;3.963662206;-0.079389062;-0.079389062;-0.079389062;-0.079389062;-0.079389062;1.019223227;-0.079389062;2.965133376;2.628661139;-0.079389062;-0.079389062;-0.079389062;-0.079389062;-0.079389062;-0.079389062;1.019223227;-0.079389062;-0.079389062;-0.079389062;-0.079389062;-0.079389062;-0.079389062;-0.079389062;1.019223227;-0.079389062;-0.079389062;2.117835515;-0.079389062;-0.079389062;-0.079389062;-0.079389062;-0.079389062;-0.079389062;-0.079389062;1.019223227;-0.079389062;1.866521087;-0.079389062;-0.079389062;-0.079389062;8.541983948;1.866521087;-0.079389062;-0.079389062;-0.079389062;-0.079389062;-0.079389062;2.965133376;6.312528051
20T1;UCH.20.T1b.trnl;T1;-0.086946416;-0.086946416;-0.086946416;-0.086946416;1.011665873;-0.086946416;-0.086946416;-0.086946416;-0.086946416;-0.086946416;-0.086946416;3.523971497;-0.086946416;2.478002942;-0.086946416;-0.086946416;1.011665873;-0.086946416;-0.086946416;-0.086946416;-0.086946416;-0.086946416;2.110278161;-0.086946416;-0.086946416;-0.086946416;-0.086946416;-0.086946416;3.347040789;-0.086946416;-0.086946416;-0.086946416;-0.086946416;-0.086946416;1.011665873;-0.086946416;-0.086946416;-0.086946416;-0.086946416;5.469881646;-0.086946416;1.522491496;-0.086946416;-0.086946416;7.411369455;-0.086946416;-0.086946416;-0.086946416;6.311648519;-0.086946416;-0.086946416;-0.086946416;-0.086946416;-0.086946416;-0.086946416;3.409561146;1.522491496;5.018999058;2.110278161;-0.086946416;4.023927448;-0.086946416;-0.086946416;-0.086946416;-0.086946416;-0.086946416;-0.086946416;5.733136514;-0.086946416;-0.086946416;-0.086946416;-0.086946416;-0.086946416;6.354000125;4.401689954;-0.086946416;3.20889045;-0.086946416;-0.086946416;-0.086946416;7.836401796;5.018999058;-0.086946416;-0.086946416;-0.086946416;4.692177077;-0.086946416;-0.086946416;4.875898214
20T2;UCH.20.T2c.trnl;T2;-0.066253909;-0.066253909;-0.066253909;-0.066253909;-0.066253909;-0.066253909;-0.066253909;-0.066253909;-0.066253909;-0.066253909;-0.066253909;2.641796292;-0.066253909;-0.066253909;-0.066253909;-0.066253909;-0.066253909;2.130970669;-0.066253909;4.376397348;-0.066253909;-0.066253909;-0.066253909;-0.066253909;-0.066253909;3.865571724;-0.066253909;-0.066253909;1.543184004;-0.066253909;-0.066253909;-0.066253909;-0.066253909;-0.066253909;1.543184004;-0.066253909;-0.066253909;-0.066253909;1.03235838;4.076880818;3.647318158;-0.066253909;-0.066253909;-0.066253909;2.498695449;-0.066253909;-0.066253909;2.130970669;5.039691565;-0.066253909;-0.066253909;-0.066253909;-0.066253909;-0.066253909;-0.066253909;1.03235838;-0.066253909;-0.066253909;3.229582957;-0.066253909;-0.066253909;-0.066253909;-0.066253909;-0.066253909;-0.066253909;-0.066253909;-0.066253909;-0.066253909;-0.066253909;-0.066253909;3.229582957;-0.066253909;-0.066253909;2.331641364;3.430253653;-0.066253909;-0.066253909;-0.066253909;-0.066253909;-0.066253909;4.896590722;2.331641364;-0.066253909;-0.066253909;-0.066253909;-0.066253909;1.87965624;8.781249717;3.489094153
21T1;UCH.21.21b;T1;-0.163030429;2.670182915;-0.163030429;-0.163030429;-0.163030429;-0.163030429;-0.163030429;-0.163030429;-0.163030429;2.234864844;-0.163030429;3.768795203;-0.163030429;3.447887483;-0.163030429;-0.163030429;-0.163030429;1.446407483;-0.163030429;1.78287972;-0.163030429;-0.163030429;-0.163030429;-0.163030429;-0.163030429;-0.163030429;-0.163030429;-0.163030429;2.401918928;-0.163030429;-0.163030429;-0.163030429;0.935581859;-0.163030429;1.446407483;0.935581859;-0.163030429;-0.163030429;-0.163030429;3.550541637;3.807261484;-0.163030429;0.935581859;-0.163030429;-0.163030429;-0.163030429;-0.163030429;1.78287972;7.781107062;-0.163030429;-0.163030429;-0.163030429;-0.163030429;-0.163030429;-0.163030429;4.302877689;-0.163030429;1.78287972;-0.163030429;-0.163030429;4.347829077;-0.163030429;-0.163030429;-0.163030429;-0.163030429;4.966868286;-0.163030429;3.880020839;-0.163030429;-0.163030429;3.768795203;-0.163030429;-0.163030429;-0.163030429;2.034194148;-0.163030429;1.78287972;-0.163030429;-0.163030429;-0.163030429;5.790212905;3.64363206;-0.163030429;-0.163030429;-0.163030429;-0.163030429;-0.163030429;2.234864844;3.392317632
21T2;UCH.21.21c;T2;-0.115339515;-0.115339515;-0.115339515;-0.115339515;-0.115339515;-0.115339515;-0.115339515;-0.115339515;-0.115339515;-0.115339515;-0.115339515;3.020154701;1.494098397;-0.115339515;-0.115339515;-0.115339515;-0.115339515;-0.115339515;-0.115339515;-0.115339515;-0.115339515;-0.115339515;-0.115339515;-0.115339515;-0.115339515;-0.115339515;-0.115339515;-0.115339515;0.983272773;-0.115339515;-0.115339515;0.983272773;3.927711753;-0.115339515;-0.115339515;-0.115339515;-0.115339515;-0.115339515;-0.115339515;7.593968818;-0.115339515;-0.115339515;-0.115339515;-0.115339515;2.449609842;-0.115339515;-0.115339515;2.081885062;7.84428579;-0.115339515;-0.115339515;-0.115339515;-0.115339515;-0.115339515;-0.115339515;3.020154701;-0.115339515;-0.115339515;-0.115339515;-0.115339515;2.081885062;-0.115339515;-0.115339515;0.983272773;-0.115339515;-0.115339515;-0.115339515;0.983272773;-0.115339515;-0.115339515;4.303501093;-0.115339515;-0.115339515;-0.115339515;2.829099464;-0.115339515;1.494098397;4.175119926;-0.115339515;-0.115339515;5.17796531;2.829099464;-0.115339515;-0.115339515;-0.115339515;-0.115339515;-0.115339515;-0.115339515;4.629592613
