ID;Orignal_name;Time;Creatine.AA;Symmetric.dimethylarginine;X1.Methylguanosine;L.Arginine.D.Arginine;Isomer.2.of.L.2.Aminoadipate;L.Cystathionine.Allocystathionine;LL.2.6.Diaminoheptanedioate.meso.2.6.Diaminoheptanedioate;X5.Guanidino.2.oxopentanoate;Isomer.2.of.Biopterin;Glutamine;Citrulline;L.Ornithine.D.Ornithine;Malonylcarnitine;Adenosine;Alanyl.Glutamine;Prolyl.Arginine;Isomer.3.of.Biopterin;Methionine.Sulfoxide;Lupinate;Aspartyl.Threonine;Isomer.1.of.L.Glutamine.D.Glutamine;X5..Deoxyadenosine;Isomer.1.of.Citrulline;O.Acetyl.L.homoserine;Homoserine;Isomer.1.of.2..O.Methyladenosine;Methionine.Sulfoxide...Isomer;Homocitrulline;N5.Citryl.D.ornithine;N.gamma..Acetyldiaminobutyrate;Isoglutamine;Serine;Tabtoxinine.beta.lactam;Isomer.1.of.Biopterin;Glutamic.Acid;Aspartic.Acid;gamma.Amino.gamma.cyanobutanoate;Tabtoxinine.delta.lactam;Saccharopine...H2O;L.Lysine.D.Lysine;X4.Hydroxyproline;X2...2.Aminoethylcarbamoyl.methyl..2.hydroxybutanedioate;Monodehydroascorbate;Isomer.1.of.L.Arginine.D.Arginine;Isomer.1.of.Glutamic.Acid;Isomer.1.of.L.Serine.D.Serine;Isomer.1.of.Aspartic.Acid;Isomer.1.of.Aminoadipic.acid;Prolyl.Asparagine;Dihydrouracil;Alanyl.Glycine;Aminoadipic.acid;Dihydroxyfumarate;X2..O.Methyladenosine;X2.Oxo.4.hydroxy.5.aminovalerate;Isomer.2.of.L.Serine.D.Serine;X4.Guanidinobutanal;X6.Amino.2.oxohexanoate;X7.Carboxy.7.carbaguanine;Biopterin;Diethanolamine;Ethanolamine;X3.Cyano.L.alanine;Prolyl.Serine;Alanyl.Alanine;X5..Methylthioadenosine;Isomer.1.of.Ethanolamine;Glycine;N.Alpha.acetyllysine;Prolyl.Glutamate;Isomer.1.of.Isoglutamine;Heptadecanoyl.carnitine;Isomer.1.of.L.Homoserine;L.2.Amino.3.oxobutanoic.acid;X8.Hydroxyguanine;Valyl.Glutamate;Heptadecanoyl.carnitine.1;X7.Cyano.7.carbaguanine;L.gamma.Glutamyl..3R..L.beta.ethynylserine;Isomer.1.of.Uridine;X5.Aminolevulinic.acid;Beta.Alanine;L.Threonine.L.Allothreonine;Gamma.Aminobutyric.acid;Uridine;Alanine;L.3.Aminodihydro.2.3H..furanone;N.Formimino.L.glutamate;Ribothymidine...Isomer;Leucyl.Aspartate;Isomer.1.of.3.Cyano.L.alanine;Valyl.Alanine;Leucyl.Glutamate;X5.Acetylamino.6.amino.3.methyluracil;Isomer.1.of.beta.Alanine;Tyramine;Isomer.1.of.Glycine;X3.Aminoisobutanoic.acid;Prolyl.Alanine;X5.Aminopentanoic.acid;X.R..1.Aminopropan.2.ol;L.Glutamate.5.semialdehyde;Isomer.1.of.4.Aminobutyraldehyde;Phenylalanyl.Glutamate;N.Hydroxy.L.valine;Ribothymidine...H2O;Glutamic.Acid...H2O;Isomer.2.of.4.Aminobutyraldehyde;L.Aspartate.4.semialdehyde;Hypoxanthine...Isomer;Sarcosine;prolyl.proline;Cysteinyldopa;Alpha.aminobutyric.acid;Methylcysteine;Isomer.1.of.Calystegin.A3;X5.Aminopentanamide;X4.Aminobutyraldehyde;S.Glutathionyl.L.cysteine...2.tags;Spermidine...2.tags;Isoleucyl.Alanine;Calystegin.A3;Aspartyl.Phenylalanine;Isomer.2.of.4.Aminobenzoate;N.Hydroxy.L.isoleucine;Proline;X1.Aminocyclopropane.1.carboxylate;Epinephrine;X4.Hydroxy.L.tryptophan;Isomer.1.of.4.Aminobenzoate;X5.Aminopentanal;Isomer.1.of.L.Alanine.D.Alanine;Isomer.1.of.L.Proline.D.Proline;X.S..4.Hydroxymandelate.p.Hydroxymandelic.acid;Isomer.3.of.4.Aminobutyraldehyde;X4.Sulfocatechol;X7.8.Dihydroxanthopterin;Salicyluric.acid;Imidazoleacetic.acid;Methionine;Valine;X5.Amino.6..5..phospho.D.ribitylamino.uracil...2.tags;Cysteinyl.Glycine.dimer;X2.Amino.4.oxopentanoic.acid;Uracil;Porphobilinogen;Isomer.4.of.4.Aminobutyraldehyde;Kynurenine;Alanyl.Leucine;N.Methyl.L.glutamate;X2.4.Dihydroxyhept.2.enedioate;L.Arginine...2.tags.D.Arginine...2.tags;Deoxyhypusine;p.Aminobenzoic.acid;Deoxyhypusine.1;X4.Hydroxyphenylglyoxylate;Isomer.1.of.5.Aminopentanal;X.S..4.Amino.5.oxopentanoate;Tryptophan;X3.4.Dihydroxy.L.phenylalanine;Valyl.Valine;Isomer.1.of.Morpholine;Diguanosine.hexaphosphate;Isomer.1.of.L.Pipecolate;Isomer.2.of.5.Aminopentanal;X4.Methylaminobutyrate;Prolyl.Methionine;Isomer.1.of.L.Methionine;Isomer.1.of.2.4.Dihydroxyhept.2.enedioate;X4.Hydroxyisophthalate;Kynurenine...H2O;Beta.Leucine;Kampferol;Kampferol.1;X3..3.4.Dihydroxyphenyl.pyruvate;Prostaglandin.family;Prostaglandin.family.1;Homo.L.arginine...2.tags;Homomethionine;cis.3.Hydroxy.L.proline.3.Hydroxy.L.proline.trans.3.Hydroxy.L.proline;Prostaglandin.family.2;Prolyl.Valine;Morpholine;X3.4.Dihydroxymandelate;Pyruvic.acid;N.Hydroxy.L.tyrosine;X3.Methoxy.4.hydroxyphenylethyleneglycol;L.Isoleucine;Vanillylmandelic.acid;p.Hydroxyphenylacetylglycine;L.Cysteine.D.Cysteine;Isomer.1.of.L.Valine;X3.Hydroxymandelic.acid;Isomer.1.of.1.Aminocyclopropane.1.carboxylate;N.Formyl.4.amino.5.aminomethyl.2.methylpyrimidine;L.Pipecolate;Isomer.2.of.L.Proline.D.Proline;Isomer.1.of.L.Tryptophan.D.Tryptophan;Dopaquinone;Isomer.3.of.5.Aminopentanal;Isomer.1.of.Sarcosine;X4.Amino.4.deoxychorismate;Phenylalanine;Isomer.1.of.p.Hydroxyphenylacetylglycine;Urocanic.acid;Propenoylcarnitine;Propenoylcarnitine.1;Propenoylcarnitine.2;Thymine;Propenoylcarnitine.3;Isomer.1.of.N.Methyl.a.aminoisobutyric.acid;Norleucine;Isomer.1.of.L.Phenylalanine.D.Phenylalanine;Isomer.1.of.3..4.Hydroxyphenyl.lactate;N.Methyl.a.aminoisobutyric.acid;Debrisoquine;Prolyl.Tryptophan;Isomer.1.of.Cystine;Valyl.Leucine;X2.Hydroxymuconate.semialdehyde;X5.Hydroxyindolepyruvate;Aminohydroquinone;X5.Hydroxylysine;Hydroxyphenyllactici.acid;X3.Sulfocatechol;X2.Aminomuconate;gamma.L.Glutamylputrescine...2.tags;Prolyl.Leucine;X4.Hydroxymethylsalicylate;Cystine;Histidinyl.Glutamate;Histidinyl.Aspartate;X2.Hydroxy.3..4.hydroxyphenyl.propenoate;X3.4.Dihydroxymandelaldehyde;X3..4.Hydroxyphenyl.pyruvate;Isomer.2.of.L.Phenylalanine.D.Phenylalanine;Prolyl.Phenylalanine;X2.Hydroxy.2.4.pentadienoate;X1.2.3.Trihydroxybenzene;Isoleucyl.Isoleucine;X5.Hydroxyindoleacetic.acid;Isomer.2.of.L.Cystine...2.tags;X4.Formylsalicylic.acid;Tryptophyl.Phenylalanine;X7.Aminomethyl.7.carbaguanine...2.tags;Leucyl.Isoleucine;Theophylline;Isomer.3.of.L.Cystine...2.tags;Phenylalanyl.Leucine;Homovanillic.acid;Isomer.4.of.L.Cystine...2.tags;Isomer.1.of.4.Chloro.L.lysine...2.tags;Sepiapterin...2.tags;Acetaminophen;X3.Aminoisobutanoic.acid...H2O;L.Leucine.D.Leucine;Syringic.acid;X3.Hydroxyphenylacetic.acid;Isomer.2.of.L.Pipecolate;cis.cis.4.Hydroxymuconic.semialdehyde;X.2R.4S..2.4.Diaminopentanoate...2.tags;o.Hydroxylaminobenzoate;Isomer.2.of.4.Chloro.L.lysine...2.tags;Vanillic.acid;X4.Hydroxyphenylacetaldehyde;X2.3.Dihydroxy.p.cumate;Lysyl.Proline;X4.Hydroxybenzoic.acid;Isomer.1.of.L.Norleucine;Isomer.1.of.2.Hydroxy.2.4.pentadienoate;Lysine;Adenosine.1;Adenosine.2;Isomer.3.of.4.Chloro.L.lysine...2.tags;X3.Hydroxyanthranilate;Desaminotyrosine;Isomer.1.of.Lysine;Pyrimidodiazepine...2.tags;trans.2.3.Dihydroxycinnamate;Isomer.4.of.4.Chloro.L.lysine...2.tags;Valyl.Lysine;X5.Hydroxyconiferyl.alcohol;X.2R.5S..2.5.Diaminohexanoate...2.tags;Prolyl.Lysine;Tyrosyl.Aspartate;Sphingosine;X4.Chloro.L.lysine...2.tags;X.3S..3.6.Diaminohexanoate...2.tags;N1.Acetylspermidine...2.tags;X2.Hydroxypyridine;X3.Nitrotyrosine;Pyridoxine.5..phosphate;N.Acetylindoxyl;X3.Nitrotyrosine.1;Histidine;Benzene.1.2.4.triol;X4.Hydroxy.3.methylbenzaldehyde;N.6..Methyllysine...2.tags;Isomer.5.of.4.Chloro.L.lysine...2.tags;Isomer.1.of.Homovanillate;X2.Aminooctanoic.acid;X.3S.5S..3.5.Diaminohexanoate...2.tags;X4.8.Dihydroxyquinoline;Octanoyl.carnitine;X3.Nitrotyrosine.2;Octanoyl.carnitine.1;Prostaglandin.family.3;X.2R.3R..3.Methylornithine...2.tags;Phloroglucinol;X3.Hydroxy.L.kynurenine...2.tags;Uridine.1;Ribose;Prolyl.Histidine;Isomer.2.of.L.Lysine...2.tags.D.Lysine...2.tags;X2..6..Dihydroxy.4..methoxyacetophenone;Coniferyl.aldehyde;Zingerone;X3.4.Dihydroxystyrene;Coniferyl.acetate;Isomer.1.of.N.6..Methyllysine...2.tags;Isomer.1.of..3S.5S..3.5.Diaminohexanoate...2.tags;L.Noradrenaline...2.tags;Coniferyl.alcohol;X5.Formyl.5.6.7.8.tetrahydromethanopterin...2.tags;X1.4.diaminobutane;Alanine.1;Diethanolamine.1;Diethanolamine.2;Diethanolamine.3;X4.Hydroxycinnamyl.aldehyde;Cadaverine;Gallate...2.tags;Lividomycin.B...2.tags.5....epi.Lividomycin.B...2.tags;Glycyl.leucine.or.putrescine;X5.Hydroxykynurenine...2.tags;Homocysteine.thiolactone;p.Hydroxyphenylacetic.acid;X2.Descarboxy.cyclo.dopa...2.tags;Resveratrol;X.S..N.Methylcoclaurine..R..N.Methylcoclaurine;X3.Amino.3..4.hydroxyphenyl.propanoate...2.tags;Serotonin;X4.Hydroxystyrene;X2.Hydroxy.3..4.hydroxyphenyl.propenoate...2.tags;Androstene.fmly;Androstene.fmly.1;Isomer.1.of.4.Hydroxystyrene;Sumiki.s.acid;Sumiki.s.acid.1;Sumiki.s.acid.fragment;Isomer.2.of.4.Hydroxystyrene;Pregnanediol;Sumiki.s.acid.2;X3.4.Dihydroxyphenylacetaldehyde...2.tags;X.R..Salsolinol...2.tags;Isomer.1.of.2.Descarboxy.cyclo.dopa...2.tags;X1.2.Dihydroxy.7.hydroxymethylnaphthalene...2.tags;Resorcinol...2.tags;Isomer.1.of.3.4.Dihydroxystyrene...2.tags;Isomer.2.of.3.4.Dihydroxystyrene...2.tags;Isomer.3.of.3.4.Dihydroxystyrene...2.tags;Isomer.4.of.3.4.Dihydroxystyrene...2.tags;X3.4.Dihydroxystyrene...2.tags;X3methoxydihydrocinnamate
2T1;IsoMS_results_BA02_P1-E-9_01_10627_Spectrum.csv;T1;1.931;1.069;1.088;0.79;1.24;1.274;1.046;0.792;1.269;1.071;1.043;1.415;1.107;0.711;1.401;1.069;1.274;0.876;1.434;1.078;1.076;1.133;0.992;0.914;1.17;1.178;0.882;0.89;0.8;0.776;1.067;0.785;0.556;1.173;1.166;0.995;1.817;1.028;1.147;0.736;1.057;1.085;1.272;1.065;1.163;0.836;1.028;1.14;1.058;0.759;1.108;1.107;1.059;1.143;1.338;1.053;0.608;0.932;1.292;0.745;0.881;1.014;0.804;1.014;1.219;0.892;1.041;1.028;0.994;1.375;1.067;0.946;1.055;0.555;1.11;1.201;0.946;0.828;1.45;1.071;0.909;1.14;0.937;0.617;0.979;1.289;1.86;1.115;1.22;0.648;0.75;1.402;0.966;0.894;1.274;1.044;1.1;1.435;1.688;0.834;1.148;1.332;0.943;1.042;1.028;1.365;1.224;0.941;0.931;1.045;1.215;1.476;0.641;0.866;1.018;0.908;0.988;0.913;0.574;1.052;1.341;1.211;0.891;1.103;1.216;1.1;1.115;0.984;1.048;1.116;0.899;1.313;1.115;1.253;0.909;0.57;1.508;0.235;0.959;0.97;1.042;1.603;1.542;0.872;0.835;0.514;0.897;1.152;1.763;1.406;1.272;0.741;1.082;0.909;1.082;1.026;0.89;0.923;1.122;0.635;1.582;0.975;1.11;1.371;0.883;1.173;1.934;0.937;1.007;1.396;0.994;1.663;0.641;0.624;0.904;0.713;0.773;1.154;1.422;0.996;0.713;1.449;1.019;0.887;0.789;0.581;0.967;3.135;0.904;0.979;1.315;1.2;1.23;1.121;0.689;1.003;0.789;1.135;0.312;0.895;1.208;0.275;1.015;0.625;1.387;1.273;1.401;0.248;0.932;1.22;1.366;0.983;0.998;0.971;1.335;1.784;1.754;0.926;1.137;1.188;0.959;1.03;0.691;1.01;0.88;0.666;1.51;1.498;1.228;1.038;0.856;0.369;2.264;1.201;2.325;0.997;1.145;0.877;0.913;0.957;1.123;0.982;0.933;1.439;1.53;1.183;1.832;1.07;0.938;0.789;1.013;1.01;1.362;0.116;1.17;1.426;0.2287;0.71;0.487;1.646;0.941;1.173;1.031;0.348;1.239;0.562;1.232;1.077;1.072;1.153;0.843;0.528;0.467;1.103;1.192;0.303;0.843;1.061;2.081;1.111;1.186;1.286;0.964;1.062;0.825;0.905;1.078;0.875;0.862;0.132;1.147;1.402;0.829;1.158;0.994;0.818;1.335;5.086;0.817;1.701;0.51;0.826;1.288;0.696;1.216;0.662;1.007;0.866;0.785;0.676;1.197;1.316;1.391;0.838;0.315;1.065;0.484;1.01;1.119;0.374;0.902;1.374;0.215;0.591;0.723;0.967;0.91;1.181;0.917;0.889;0.589;1.829;0.896;0.3795;1.398;0.606;1.349;0.391;0.414;1.276;1.286;0.527;0.883;1.309;0.504;0.6189;0.94;0.782;0.75;0.782;0.955;1.332;0.464;0.854;1.528;0.473;1.232;0.842;1.078;0.948;1.022;1.001;1.054;1.787
2T2;IsoMS_results_CA02_P2-E-3_01_10651_Spectrum.csv;T2;0.41;0.781;1;0.748;1.186;1.319;1.032;0.942;1.261;0.871;0.89;1.083;0.847;0.131;0.968;0.849;1.193;0.79;0.841;0.997;0.875;1.259;0.897;1.241;1.089;1.086;0.79;0.668;1.771;0.828;0.863;0.68;1.173;1.181;1.294;0.912;1.568;1.132;1.215;0.902;1.36;1.029;1.334;0.733;1.31;0.731;0.892;1.122;0.884;2.554;0.881;1.085;0.995;0.9;1.234;0.908;0.696;0.979;0.866;0.76;1.788;0.899;0.673;0.873;0.903;0.925;0.978;0.852;1.035;1.252;0.966;0.795;0.935;0.775;1.162;1.002;0.795;0.857;1.179;0.905;0.816;1.05;0.941;0.56;0.898;1.063;2.415;0.998;1.215;0.636;0.787;1.221;0.976;0.387;1.074;0.325;0.826;1.125;1.6;0.636;0.93;0.94;0.75;0.841;0.882;1.095;1.205;0.755;0.986;0.786;0.961;1.202;0.546;0.981;0.573;0.608;1.128;0.743;0.499;1.902;1.104;0.649;0.956;0.936;1.069;0.956;1.115;1.241;0.848;0.932;0.836;1.118;0.954;1.094;0.758;0.479;1.225;0.209;0.89;0.82;0.976;0.811;0.716;1.105;0.695;0.721;0.788;0.92;1.415;1.384;1.134;0.671;2.59;0.784;2.203;0.947;0.841;1.102;0.963;0.978;0.934;0.855;3.669;3.039;0.834;1.064;1.163;0.854;1.147;1.394;1.184;1.518;0.966;0.847;0.747;1.061;0.982;0.665;0.722;0.689;1.061;1.462;0.825;0.67;0.914;0.531;0.859;1.791;0.751;2.807;0.872;1.097;0.911;1.135;0.506;0.891;0.733;0.957;0.313;0.82;1.334;0.27;0.712;1.595;0.746;1.629;1.853;0.263;0.807;1.512;1.176;0.972;0.684;0.675;1.197;1.068;1.471;1.139;0.909;1.074;0.207;1.246;0.554;0.692;0.789;0.564;1.013;1.395;0.751;0.811;0.778;0.46;1.193;0.761;1.19;0.721;1.085;0.714;0.801;0.784;0.98;0.877;1.099;1.04;1.8;0.752;0.597;0.798;0.906;0.859;0.787;1.513;1.539;0.048;1.252;1.039;0.302;0.782;1.049;1.225;0.659;0.938;1.181;0.319;1.022;0.507;0.954;0.783;1.032;1.564;0.667;0.168;0.168;1.045;2.062;0.263;0.664;0.957;1.079;1.054;0.707;1.163;0.77;1.171;0.793;1.04;1.048;0.702;0.784;0.228;0.822;1.186;1.56;0.912;0.717;0.971;1.066;0.558;1;0.212;0.512;0.65;1.025;0.869;0.909;0.827;1.039;0.639;0.869;1.01;1.195;0.887;1.036;0.704;0.431;0.332;0.194;1.122;0.594;0.288;1.111;0.674;1.573;2.12;0.571;0.77;1.233;1.384;1.133;0.595;1.397;1.515;0.753;0.513;1.315;0.891;0.618;0.449;0.259;0.71;1.23;0.353;0.888;1.298;0.4738;0.5818;0.869;0.778;0.978;0.778;0.842;2.192;0.814;1.043;1.137;0.605;1.027;0.905;1.082;0.968;0.981;0.959;0.99;0.304
3T1;IsoMS_results_BA03_P2-C-9_01_10637_Spectrum.csv;T1;0.2734;0.753;1.19;1.196;0.932;1.224;0.802;1.416;1.14;0.902;0.888;1.084;0.504;0.279;1.201;1.991;1.122;0.846;0.914;1.114;0.903;1.156;0.875;1.044;1.021;1.054;0.843;0.631;1.321;0.743;0.905;0.803;0.436;0.587;1.506;1.239;0.492;0.675;1.142;0.837;1.392;1.094;1.341;1.462;1.427;0.849;1.073;1.029;1.38;0.517;0.923;1.035;1.264;0.898;1.353;0.955;1.36;1.119;0.769;2.18;0.73;0.99;0.877;1.139;1.205;0.849;1.018;0.931;0.918;1.343;0.957;0.596;1.001;0.706;1.309;0.9;0.596;0.739;0.807;0.998;0.757;1.059;0.976;0.542;1.013;1.069;2.51;1.232;0.859;0.661;0.979;1.308;0.786;4.935;1.077;0.446;0.857;0.736;2.226;0.95;0.906;0.881;0.881;0.75;1.05;1.022;1.419;0.886;1.08;0.681;0.892;1.246;0.538;0.895;0.658;1.884;1.008;0.894;0.424;0.583;1.172;0.967;0.693;0.928;1.17;0.956;1.232;1.338;0.752;0.919;1.225;1.09;0.931;1.043;0.907;0.982;0.866;0.139;0.964;0.903;0.881;0.905;0.881;1.402;0.819;0.779;0.953;1.021;1.256;1.568;0.88;1.153;0.658;0.804;0.663;0.768;1.257;1.486;0.982;1.11;1.363;0.986;0.278;1.019;1.247;0.92;1.638;0.949;0.722;1.033;1.377;1.612;0.57;0.575;0.63;0.43;0.472;1.181;5.344;1.091;0.43;1.544;0.899;0.933;0.759;0.49;0.784;2.255;0.647;2.258;0.995;0.975;1.054;1.204;0.433;0.926;0.786;0.934;0.446;1.183;1.296;0.47;0.727;1.265;0.883;1.17;1.133;0.132;0.5649;1.009;1.118;0.868;0.754;0.68;1.087;1.748;1.51;1.523;1.124;0.904;1.051;1.184;0.593;0.615;0.68;0.403;1.339;1.372;1.4;0.82;0.917;0.349;2.194;1.37;2.216;0.795;1.082;1.222;0.684;0.958;1.075;0.641;0.764;0.782;1.125;1.094;3.701;0.918;1.172;0.808;0.868;0.974;1.237;0.01;0.914;0.976;0.244;0.926;1.092;0.802;0.684;0.676;0.817;0.714;1.057;0.277;1.541;1.293;1.009;1.236;0.904;0.242;0.242;0.827;0.826;0.336;0.911;0.826;2.04;0.832;1.241;0.43;0.974;1.585;0.629;1.265;0.751;0.961;1.068;2.815;0.964;1.085;1.1;0.975;0.869;0.968;0.881;1.6231;0.656;0.338;0.562;0.905;1.301;0.509;1.186;0.367;0.746;0.919;0.627;0.898;1.158;1.122;1.595;1.09;0.456;0.266;0.847;1.018;0.92;1.632;1.432;1.166;0.719;0.586;0.967;0.571;0.637;0.901;0.674;1.02;1.323;1.105;0.783;0.3675;0.971;0.871;4.627;0.663;0.318;0.961;1.065;1.524;0.914;1.6;0.4881;0.5993;0.987;0.481;0.667;0.481;1.003;0.669;0.51;1.149;1.506;1.771;1.494;1.11;1.116;1.057;1.112;1.103;1.033;3.368
3T2;IsoMS_results_CA03_P2-D-6_01_10645_Spectrum.csv;T2;0.353;0.841;1.042;1.066;1.202;1.168;0.919;1.175;1.146;1.006;1.025;1.094;0.774;0.179;1.272;1.522;1.101;0.875;0.974;1.32;1.001;1.193;0.987;1.024;0.937;0.936;0.923;0.86;0.993;0.969;1.005;0.83;1.872;0.709;2.325;1.577;0.445;1.195;1.16;1.375;0.955;1.557;0.838;1.234;2.26;0.844;1.423;0.946;1.284;1.971;1.066;0.932;1.256;1.253;1.988;0.94;0.932;1.011;0.872;1.447;0.86;0.961;0.786;1.185;1.068;0.993;0.967;0.973;1.193;2.19;1.029;0.747;0.96;0.891;0.989;1.022;0.747;0.989;1.069;1.044;0.779;1.038;1.021;0.619;1.007;1.224;2.701;1.092;1.07;0.513;0.933;1.397;0.865;2.182;1.236;1.312;0.836;0.801;1.89;0.813;0.825;0.912;0.894;0.905;1.173;0.983;2.235;0.869;0.866;0.856;1.028;1.327;1.211;0.804;1.062;2.073;0.943;0.88;0.472;1.295;1.135;1.195;0.791;0.983;1.194;0.973;0.985;0.826;0.925;0.995;0.987;1.193;0.952;1.213;0.862;2.356;1.07;0.291;0.929;1.04;0.969;1.099;0.909;1.011;1.063;0.725;0.905;0.913;1.314;1.253;1.042;0.887;1.851;0.88;1.851;0.899;0.974;1.063;1.068;0.848;1.413;0.954;2.036;1.349;0.976;1.053;1.391;0.914;0.728;1.006;1.095;2;0.885;0.801;0.515;0.974;0.965;0.97;0.979;2.713;0.974;1.617;0.937;0.768;0.76;0.432;1.011;2.314;0.806;1.451;1.023;1.103;1.076;1.027;0.526;1.074;0.774;1.033;0.897;0.955;1.324;0.726;0.926;1.059;0.943;1.048;1.097;0.176;0.956;0.783;1.219;1.028;0.886;1.304;1.162;1.342;1.776;2.171;1.142;0.829;1.104;1.073;0.797;1.178;1.092;0.565;1.506;1.596;0.99;0.902;1.261;0.33;1.8;1.008;1.759;0.934;1.079;0.721;0.795;1.032;1.084;1.012;1.058;1.069;1.219;1.466;1.714;0.881;1.111;1.124;0.914;0.964;1.354;0.01;0.682;1.038;0.318;0.919;0.886;0.879;0.792;0.625;0.939;1.022;0.932;0.633;1.224;0.988;1.055;1.403;0.838;0.2975;0.2975;0.92;0.683;0.515;0.838;0.872;1.502;0.924;0.802;1.151;0.967;1.295;0.637;1.063;0.857;0.862;1.53;1.297;1.07;1.265;0.933;1.118;0.936;1.151;0.885;0.402;0.731;1.08;0.661;0.833;1.01;1;1.128;0.812;0.887;0.867;0.853;0.789;1.306;0.963;1.685;0.748;0.501;0.478;5.337;0.885;0.793;2.324;1.314;1.205;0.21;2.255;0.868;0.899;1.041;1.092;0.841;0.994;0.948;1.323;1.092;0.901;0.923;1.293;5.488;0.858;0.25;1.008;1.012;0.655;0.859;1.091;0.486;0.5968;0.899;0.699;0.805;0.699;0.8;1.55;0.99;0.96;1.494;3.545;0.868;0.824;0.939;0.868;0.878;0.891;0.953;0.247
4T1;IsoMS_results_BA04_P2-E-6_01_10655_Spectrum.csv;T1;0.297;0.751;0.596;0.896;1.156;0.8172;0.662;1.143;1.244;1.02;0.797;1.233;0.732;1.95;0.784;0.701;1.234;0.942;1.192;0.773;0.998;0.874;0.816;1.178;1.232;1.321;0.956;0.776;1.165;0.64;0.98;1.108;0.642;1.278;0.81;0.955;0.694;0.781;0.991;0.767;0.846;0.652;0.884;0.922;0.828;1.12;0.97;1.033;0.865;0.332;0.994;0.994;1.018;0.854;0.813;1.233;0.904;1.064;1.122;0.952;0.956;1.086;0.948;0.914;0.644;0.681;1.128;0.928;1.247;0.721;1.139;0.774;0.911;0.721;0.855;0.846;0.768;0.855;0.743;1.179;0.72;0.721;0.902;0.647;1.175;0.662;1.363;1.023;1.12;1.12;1.182;0.958;0.725;1.366;0.674;0.174;0.864;1.023;0.703;1.151;0.904;0.878;0.814;0.799;0.918;1.18;0.739;0.837;1.399;0.82;0.859;0.561;1.409;1.142;1.104;0.691;1.559;0.846;0.825;1.65;0.798;0.751;0.529;0.639;0.735;0.754;1.033;0.864;0.815;0.654;1.134;0.698;0.658;1.383;0.834;1.516;0.846;0.044;0.882;0.923;0.975;1.005;0.922;1.017;1.084;0.515;0.881;0.624;1.191;1.392;0.902;0.908;0.641;0.626;0.718;1.045;1.145;0.991;0.934;0.715;1.135;0.902;0.1587;0.901;1.147;1.049;0.923;0.901;1.142;1.296;0.931;1.049;0.798;0.849;0.771;0.673;0.681;0.844;1.933;0.911;0.673;0.941;0.988;0.873;0.812;1.187;1.368;1.925;0.727;1.77;0.669;1.097;1.002;1.219;0.515;0.883;0.515;0.941;0.979;1.108;1.018;0.577;0.794;0.493;0.722;0.88;1.006;0.15;0.737;0.883;1.255;0.947;0.818;0.932;1.115;1.379;0.751;0.578;0.975;1.006;1.23;1.296;0.555;0.932;0.323;0.573;0.599;0.865;1.405;0.624;0.732;0.9;0.998;1.423;1.003;0.843;0.931;0.849;0.927;0.875;0.969;0.714;1.01;0.851;1.445;0.808;0.105;0.627;0.901;1.001;0.668;1.233;1.453;0.019;1.156;1.053;0.386;0.655;0.739;1.081;0.696;0.743;1.116;0.48;1.079;0.36;0.88;1.082;1.113;1.007;0.929;1.79;1.79;1.079;0.974;1.252;0.926;0.877;0.945;1.087;1.221;1.294;1.067;1.051;0.841;1.193;1.072;0.924;0.917;0.357;1.142;1.373;1.179;1.275;0.808;0.738;0.96;2.8597;0.896;0.097;1.044;0.924;1.221;0.612;1.12;0.591;1.315;0.895;0.952;1.009;1.241;1.125;0.868;0.955;1.034;0.208;0.381;1.017;0.894;0.399;1.364;0.82;1.011;0.833;0.743;0.631;1.092;1.129;1.031;0.749;0.5504;1.018;0.86;0.7519;0.738;1.086;1.532;0.914;0.345;0.834;0.93;1.018;0.927;0.997;0.4586;0.5631;0.947;0.808;0.806;0.808;0.975;0.573;0.788;1.037;1.293;0.675;0.974;0.829;0.995;0.944;0.988;0.966;1.009;1.585
4T2;IsoMS_results_CA04_P1-D-8_01_10615_Spectrum.csv;T2;0.3394;0.896;0.953;0.984;1.128;0.6746;0.701;1.101;1.585;1.058;0.402;1.1812;0.89;0.441;0.72;1.546;1.566;0.903;1.756;0.945;1.063;1.03;0.48;1.063;1.645;1.815;0.898;1.171;1.236;1.013;1.067;1.333;0.706;1.004;0.897;0.935;1.005;0.847;0.894;0.842;0.756;0.725;0.77;0.92;0.939;1.3;0.845;1.182;0.921;1.45;1.098;1.147;0.938;0.72;0.811;1.364;0.876;1.219;1.311;0.89;0.865;0.903;1.176;1.098;0.856;1.172;0.944;1.036;0.688;0.763;0.982;0.853;1.087;1.049;0.463;0.84;0.853;1.061;1.165;1.257;1.166;0.722;0.997;0.723;1.174;0.733;2.103;0.88;1.221;0.86;1.03;0.833;0.841;0.3964;0.747;0.1436;0.938;1.755;0.76;1.125;0.824;0.474;0.686;0.844;1.119;1.157;0.877;0.678;1.757;1.01;0.96;1.055;2.852;1.342;1.109;0.675;2.113;0.666;1.155;2.381;0.876;0.612;0.997;0.8;1.213;0.865;1.164;1.188;1.088;0.797;1.178;0.93;0.791;1.622;0.67;1.291;1.591;0.104;0.822;1.147;0.986;1.533;1.493;1.08;1.142;0.213;0.703;1.107;1.309;1.379;1.05;0.986;1.759;0.745;1.888;1.04;1.173;1.039;0.855;0.413;0.949;0.839;2.524;1.466;1.173;1.109;1.126;1.118;1.217;1.146;0.827;1.143;0.944;1.094;0.95;1.154;1.009;1.085;6.022;1.283;1.154;1.003;0.787;0.685;0.799;0.703;1.221;2.185;1.332;1.37;1.172;1.142;1.116;1.192;0.497;1.136;0.525;0.927;0.903;1.137;0.933;0.701;1.013;0.306;0.608;1.94;2.289;0.325;0.801;1.915;1.429;1.072;1.04;1.099;1.321;0.861;0.927;0.781;1.034;0.836;0.883;0.991;0.721;1.088;1.944;0.673;1.275;1.255;0.71;1.132;0.758;0.717;1.977;0.709;1.949;1.096;1.103;0.756;1.061;0.921;1.415;1.05;1.163;1.09;1.2;0.955;0.03;1.031;1.082;1.275;0.902;1.086;1.436;3.905;1.672;1.069;0.315;0.993;0.704;1.21;0.716;0.988;1.106;0.488;1.315;0.289;1.11;0.766;1.186;1.443;1.11;0.364;0.364;1.154;2.474;0.983;1.115;1.159;1.917;1.123;0.917;0.3974;1.284;1.028;0.903;1.056;1.064;1.145;1.58;0.826;1.385;1.764;2.667;1.396;0.94;0.9;1.412;0.643;0.738;0.156;1.459;1.053;0.903;0.761;1.29;0.788;0.911;1.006;0.876;0.863;1.464;1.244;1;1.179;0.37;0.21;0.362;1.143;0.699;0.624;1.273;0.514;0.397;0.724;1.018;0.89;0.869;0.893;0.87;0.839;0.719;1.449;1.001;0.731;1.218;1.08;0.181;0.425;0.428;0.883;1.258;0.653;0.916;1.52;0.4732;0.581;0.995;0.79;0.683;0.79;1.046;2.203;0.512;0.775;0.934;0.607;0.828;0.83;0.966;0.908;0.958;0.893;0.854;0.205
5T1;IsoMS_results_BA05_P1-D-6_01_10613_Spectrum.csv;T1;1.273;1.126;0.919;0.992;0.413;1.452;1.06;1.04;0.64;1.178;1.409;1.806;0.477;0.754;1.322;1.169;0.7;1.151;0.706;0.865;1.179;0.733;1.38;0.353;0.762;0.544;1.139;0.722;0.428;1.088;1.188;1.359;0.567;1.461;0.542;0.903;1.146;0.947;0.459;0.814;0.761;0.791;0.763;1.525;0.619;1.341;0.936;0.487;1.328;0.446;1.202;0.518;1.065;0.85;0.736;1.451;0.879;0.847;1.09;0.572;0.733;1.152;1.433;1.156;1.61;0.814;1.173;1.358;0.691;0.721;1.312;0.895;1.157;0.873;1.517;0.96;0.895;1.206;1.205;1.196;1.154;1.115;1.14;0.816;0.986;1.135;2.02;1.066;1.036;0.64;1.396;1.377;0.884;4.276;1.134;0.611;1.228;0.848;1.357;1.171;1.102;0.873;1.436;0.95;0.959;1.21;0.573;1.496;1.275;1.418;1.086;1.343;0.846;0.905;1.415;0.954;0.468;1.495;1.811;0.653;0.9;0.943;1.04;0.873;1.224;0.915;1.273;0.883;0.923;0.883;1.176;1.27;0.862;0.896;1.492;1.435;1.356;0.145;0.944;1.141;0.983;1.669;1.414;1.345;1.146;0.649;1.458;1.067;1.291;0.703;1.252;1.129;0.121;0.946;0.121;0.91;1.157;1.446;1.08;0.529;1.351;1.433;0.1695;0.748;1.175;1.035;1.312;1.116;0.85;0.491;1.129;1.742;0.641;0.612;0.963;0.79;0.748;0.879;2.062;1.82;0.79;1.159;1.424;0.983;0.575;0.697;0.912;2.163;1.146;0.79;1.732;1.105;1.022;1.108;0.723;0.638;0.656;1.113;5.635;1.17;1.159;0.796;1.075;0.479;1.269;0.347;0.428;0.087;0.736;0.384;1.293;1.002;1.103;3.508;1.17;1.182;1.33;1.006;0.945;0.605;0.377;0.434;0.986;3.021;1.118;1.075;2.202;1.097;1.094;1.353;0.997;0.614;1.426;1.082;1.426;1.062;1.199;0.968;0.782;1.035;0.815;1.371;0.856;1.067;0.442;1.063;3.367;1.451;1.204;0.835;1.28;0.844;0.697;0.01;0.84;0.902;0.65;0.891;1.492;0.675;1.604;1.479;0.842;0.464;1.027;1.504;1.47;1.115;1.206;0.653;1.108;0.669;0.669;0.854;0.283;6.414;1.12;0.858;1.372;0.87;1.655;0.866;1.224;1.386;0.94;0.955;0.862;1.196;1.08;4.207;1.336;1.713;0.647;1.372;1.066;0.612;0.914;3.093;0.644;1.401;0.859;1.155;1.354;0.916;1.488;0.729;0.92;1.221;0.764;0.796;1.651;1.356;1.407;1.203;0.444;0.933;0.508;0.922;0.936;0.897;1.396;3.222;0.692;0.361;1.625;0.873;0.947;0.905;0.794;1.133;0.953;1.036;1.149;0.67;0.718;0.598;1.933;0.341;0.58;1.558;1.236;0.271;0.967;1.037;0.4899;0.6015;1.068;0.373;0.312;0.373;0.964;2.005;0.441;0.928;1.906;0.793;1.002;1.092;1.066;0.989;0.972;0.963;1.025;4.634
5T2;IsoMS_results_CA05_P2-C-2_01_10629_Spectrum.csv;T2;0.698;1.062;0.947;1.043;1.029;0.7318;0.953;0.851;1.573;1.168;1.349;1.677;0.818;0.349;1.125;1.06;1.428;0.979;1.736;1.052;1.201;1.236;1.316;1.005;1.305;1.266;0.971;0.997;1.189;0.783;1.192;1.157;0.506;1.099;0.72;0.905;1.113;0.759;1.028;1.247;0.747;0.978;0.833;1.098;0.779;1.134;0.833;1.071;1.326;1.031;1.209;1.038;0.927;0.613;0.859;1.413;0.904;1.23;1.142;0.899;0.931;0.799;1.354;1.194;1.093;1.268;0.83;1.306;0.829;0.876;1.193;1.2;1.286;1.417;1.45;1.013;1.2;1.17;1.513;1.257;1.357;1.075;1.294;0.737;1.071;1.065;2.978;1.432;1.159;0.83;1.23;0.876;0.767;1.758;1.059;0.497;1.154;0.874;1.252;1.027;1.203;1.109;0.938;1.01;0.881;1.276;0.769;0.938;1.472;1.256;1.037;1.196;1.442;0.948;2.063;0.94;1.445;0.948;1.194;1.614;0.939;0.988;0.874;1.068;0.996;1.05;1.42;1.139;0.983;1.06;0.994;1.035;1.009;1.088;0.939;0.821;1.312;0.197;0.846;1.104;0.974;1.191;1.197;1.3;1.164;0.297;0.953;0.906;1.022;1.543;1.443;1.057;1.038;1.06;1.038;1.013;1.02;1.214;0.989;0.792;1.334;1.046;2.122;1.103;1.027;1.036;1.16;1.012;1.218;1.103;1.368;1.81;1.029;1.049;1.225;1.454;1.29;0.812;1.781;1.922;1.454;1.141;1.11;0.936;0.904;0.932;1.004;3.107;1.228;1.063;1.468;1.127;1.116;1.214;0.683;0.79;0.754;0.979;2.188;1.027;1.004;1.069;0.994;0.482;0.962;2.883;3.786;0.552;1.041;3.024;1.143;0.928;0.988;1.814;1.232;0.719;1.17;1.211;0.88;0.834;0.2294;0.926;0.682;1.377;0.578;1.167;1.071;1.079;0.857;1.44;0.928;0.616;1.476;0.872;1.484;1.092;1.255;0.747;0.824;1.149;0.792;1.381;1.061;1.271;1.081;0.975;2.373;1.155;0.972;0.941;1.164;1.168;1.699;0.445;0.83;1.134;0.83;0.752;0.694;1.14;0.954;0.914;1.028;0.807;1.353;1.471;1.226;0.942;1.056;1.553;0.984;0.353;0.353;1.069;1.718;3.066;0.984;0.989;1.433;1.071;1.081;1.009;1.195;1.096;1.055;1.111;1.02;1.015;0.946;2.259;1.267;1.754;3.109;1.483;0.976;1.065;1.308;0.384;0.781;0.566;2.079;0.978;1.155;1.39;1.517;1.474;1.178;0.994;0.768;0.786;1.197;1.366;1.184;0.995;0.635;0.396;0.461;1.052;0.842;0.774;1.004;0.314;0.866;0.431;0.639;0.717;1.139;1.351;1.007;1.151;0.996;1.087;1.104;0.836;1.856;0.625;0.215;0.428;0.594;0.796;1.037;0.11;0.912;1.465;0.5133;0.6303;0.961;0.904;0.645;0.904;1.003;2.049;0.361;0.814;0.774;0.96;1.141;1.453;0.959;0.872;0.919;0.973;0.963;0.287
7T1;IsoMS_results_BA07_P2-C-3_01_10631_Spectrum.csv;T1;0.3072;1.027;0.873;1.209;0.752;1.091;1.233;0.043;1.036;1.256;0.99;1.22;0.692;2.681;1.388;1.304;0.975;0.89;1.281;1.425;1.33;0.932;1.004;0.663;1.052;1.025;0.896;1.586;0.86;0.906;1.309;1.067;0.766;1.351;0.639;0.888;0.908;0.976;0.78;1.184;0.975;1.809;0.957;1.564;0.697;1.119;0.808;0.785;1.054;0.493;1.311;0.787;1.231;1.021;0.895;1.158;1.099;0.829;1.34;0.645;0.857;1.164;1.028;1.222;1.103;0.81;1.154;1.083;0.837;0.933;1.213;0.848;1.067;1.028;1.054;1.021;0.848;1.093;1.227;1.318;0.952;1.102;1.014;0.711;1.304;1.128;1.822;1.283;1.07;0.837;1.183;1.355;0.934;0.842;1.152;0.598;1.002;0.596;1.183;0.886;1.183;0.952;0.801;1.211;1.051;1.169;0.678;0.818;1.13;0.852;1.01;1.024;2.023;1.021;0.728;1.913;1.293;0.808;0.763;1.098;1.065;1.164;1.427;0.897;0.892;0.919;1.227;0.916;0.931;0.914;0.987;1.081;0.851;1.189;0.808;1.247;1.154;0.077;0.983;1.023;0.961;1.621;1.68;0.987;1.207;0.49;0.86;0.843;1.224;0.695;0.842;1.381;0.568;0.788;0.568;0.932;0.969;1.005;1.327;1.083;1.431;0.886;0.439;1.222;0.967;1.015;1.276;1.061;1.082;0.971;0.566;2.426;0.786;0.766;0.697;0.724;0.743;1.307;1.426;0.8438;0.724;0.964;0.865;0.868;0.658;0.915;1.293;2.867;1.072;0.862;1.462;1.049;1.338;1.085;0.835;1.002;0.639;1.235;0.998;0.994;1.165;0.582;1.115;0.366;1.114;0.649;0.725;0.115;0.919;0.772;1.099;0.966;1.115;1.397;1.178;1.233;1.11;0.855;1.211;0.823;1.505;0.709;0.801;1.391;1.791;1.483;1.044;1.049;1.056;0.879;1.137;0.736;1.052;1.057;1.066;1.203;1.219;0.974;0.835;1.179;0.622;0.866;1.021;1.173;0.847;1.16;1.352;0.792;1.085;1.184;0.805;1.052;1.227;0.011;0.562;0.998;0.37;1.053;0.542;1.152;0.814;0.997;1.088;0.613;1.263;0.742;1.12;1.019;1.033;1.087;0.918;2.636;2.795;1.079;0.53;1.182;0.918;0.905;1.03;1.057;0.912;1.155;1.036;1.043;0.847;0.939;1.019;0.968;1.272;1.943;1.328;1.599;1.205;1.594;1.156;0.779;1.16;2.7;0.82;0.91;1.085;0.893;1.618;0.719;1.401;0.947;1.233;1.083;0.781;0.653;1.275;1.139;1.15;0.858;0.287;0.196;0.571;1.075;0.865;3.202;1.322;1.548;0.314;0.532;0.99;0.718;0.864;0.895;0.83;0.912;1.136;1.295;1.32;0.3749;0.935;0.518;0.987;0.321;1.278;1.44;1.345;1.619;1.06;0.879;0.498;0.6114;1.116;0.595;0.455;0.595;1.078;0.756;1.052;0.876;1.313;2.894;1.409;1.007;1.04;0.932;0.973;0.984;1.01;2.022
7T2;IsoMS_results_CA07_P2-F-2_01_10660_Spectrum.csv;T2;0.322;0.941;0.922;1.096;0.832;0.6551;0.94;0.356;0.953;1.06;0.866;1.166;0.67;0.683;0.833;1.115;0.939;0.849;0.82;1.109;1.093;0.956;0.856;1.061;0.947;0.953;0.847;1.6;1.255;1.209;1.098;0.94;1.032;0.88;0.722;0.765;0.68;0.948;0.863;1.111;0.672;1.298;0.817;1.414;0.751;0.967;0.794;0.841;0.695;1.765;1.084;0.8;1.114;0.874;0.78;1.122;1.011;0.985;1.259;0.711;1.099;1.135;0.888;0.826;0.889;1.025;1.184;0.803;0.7;0.922;1.035;0.662;0.865;0.837;1.108;0.845;0.662;0.891;1.085;1.497;0.951;0.908;0.889;0.737;1.522;0.881;2.117;1.026;1.098;0.458;0.857;1.004;0.847;0.3849;0.87;0.273;0.765;0.539;0.979;0.83;1.111;0.931;0.658;1.073;0.942;0.895;0.659;0.638;1.268;0.868;0.98;0.791;0.2751;0.969;0.599;2.185;1.108;0.635;0.536;1.543;0.796;0.913;1.335;0.747;0.826;0.839;0.949;0.806;0.967;0.743;0.88;0.931;0.758;1.302;0.626;0.992;0.947;0.126;0.886;0.868;0.9;1.026;0.759;1.093;1.127;0.681;0.651;0.86;1.219;1.381;0.785;1.068;1.667;0.885;1.688;0.939;0.87;1.06;1.089;0.87;1.15;0.778;2.375;0.797;0.869;0.962;1.058;0.914;0.903;1.091;1.097;2.761;0.837;0.775;0.803;0.998;1.126;0.933;1.136;1.223;0.998;0.962;0.785;0.664;0.773;1.21;1.286;3.551;1.024;1.917;1.018;0.99;1.074;1.128;0.608;1.104;0.628;0.994;0.466;0.881;1.284;0.225;0.877;0.589;1.249;0.914;1.021;0.144;0.924;0.88;1.02;0.881;0.863;1.08;1.052;1.141;1.377;1.045;0.959;0.938;1.539;1.106;0.749;1.084;0.572;1.632;0.83;0.91;0.891;0.768;0.948;0.386;1.106;0.909;1.126;0.918;0.975;0.853;0.841;0.922;1.116;0.795;0.984;0.811;1.177;1.112;0.111;0.729;1.012;0.779;0.77;1.507;1.266;0.026;0.749;1.2049;0.231;0.792;0.99;0.915;0.594;1.092;1.246;0.373;0.914;0.214;0.811;0.968;1.003;1.234;0.803;0.555;0.555;1.122;0.652;0.571;0.804;0.916;1.062;1.113;0.691;0.2941;0.99;0.88;0.682;1.106;1.057;0.828;1.207;0.359;1.446;1.794;1.65;1.441;0.909;0.652;0.95;0.38;1.074;0.167;1.24;0.829;1.27;1.185;1.189;1.005;0.751;0.933;1.08;0.913;1.567;1.025;1.172;0.893;0.495;0.348;1.139;1.182;0.562;3.099;1.334;0.73;0.488;1.748;0.998;0.72;1.245;1.2;1.142;0.64;0.748;1.122;1.187;0.98;0.867;0.833;0.296;0.404;3.832;1.041;0.914;0.802;1.005;1.055;0.4595;0.5642;1.026;0.903;0.575;0.903;0.934;1.837;0.48;1.22;1.456;3.713;1.291;1.074;1.067;0.965;0.954;0.953;0.924;0.401
8T1;IsoMS_results_BA08_P1-D-2_01_10609_Spectrum.csv;T1;1.351;1.279;0.964;0.942;0.582;1.324;1.326;0.416;0.766;1.226;1.137;1.417;0.684;1.008;1.303;1.099;0.733;1.172;1.23;1.186;1.211;0.699;1.153;0.479;0.822;0.659;1.179;1.001;1.149;1.144;1.193;1.02;2.265;0.963;1.088;0.917;0.868;1.941;0.784;0.695;0.817;1.211;0.827;1.631;1.101;1.009;1.088;0.7;1.107;0.374;1.194;0.716;1.027;1.295;1.228;1.094;0.83;1.051;1.11;0.3526;1.033;1.228;1.077;0.947;1.149;0.615;1.276;1.051;1.002;0.96;1.279;0.926;0.84;0.792;1.173;1.215;0.926;0.877;1.048;1.244;1.309;0.949;1.249;0.751;1.282;0.952;2.036;1.223;0.893;0.722;1.062;1.25;1.106;1.626;0.948;0.578;1.056;0.822;1.096;1.062;1.259;1.013;1.132;1.357;1.637;1.033;1.042;1.21;1.187;0.908;0.985;1.113;1.739;0.929;1.06;1.063;0.867;1.199;0.554;0.86;1.024;1.241;1.434;0.797;1.219;0.869;0.965;0.77;1.26;0.811;1.164;1.042;0.811;0.56;1.159;1.12;0.749;0.077;1.027;0.962;0.985;2.958;2.315;1.013;1.039;0.723;1.136;1.515;1.452;0.638;1.189;1.04;0.375;0.839;0.504;0.939;1.145;1.19;1.05;0.828;1.486;1.24;0.1618;1.092;1.142;1.064;1.033;0.98;0.581;0.704;0.937;1.731;0.624;0.582;1.113;0.679;0.639;1.338;4.102;0.957;0.679;1.146;1.243;0.984;0.728;1.243;1.021;2.023;1.379;0.877;2.074;1.086;1.349;0.875;0.926;1.283;0.619;0.995;1.212;1.133;0.964;0.762;1.315;0.41;1.189;0.554;0.662;0.09;0.866;0.458;1.123;1.006;1.465;1.128;1.145;0.854;1.075;0.834;1.241;0.533;1.201;0.596;1.069;1.161;1.014;2.637;1.106;1.138;0.964;0.961;1.313;0.729;2.25;0.98;2.278;1.501;1.148;0.944;0.809;0.949;1.021;1.143;0.999;1.007;0.527;1.058;1.485;1.197;1.341;1.028;1.042;0.736;0.84;5.26;0.839;1.036;0.488;0.978;0.359;0.859;1.216;0.905;0.903;0.551;0.953;6.941;1.249;1.195;1.018;0.767;1.021;1.021;1.021;0.995;0.4624;0.804;1.04;0.852;1.926;0.968;1.15;0.726;1.082;1.161;0.745;1.046;0.951;1.114;1.106;3.511;1.209;1.401;0.571;1.339;0.986;0.844;0.942;0.448;0.584;0.194;1.151;1.099;1.267;0.578;1.255;0.564;1.022;1.02;0.783;0.653;1.739;1.306;1.099;0.865;0.573;0.2192;4.054;1.075;0.95;0.711;0.994;2.053;0.338;1.78;0.986;1.273;0.981;1.006;1.026;0.918;1.198;1.436;0.777;0.3521;1.023;0.507;1.119;0.396;0.913;1.914;0.887;0.666;1.347;1.036;0.4676;0.5742;1.332;0.318;0.297;0.318;1.349;0.367;0.396;0.89;1.886;1.097;1.157;0.838;0.964;0.819;0.84;0.846;0.856;1.54
8T2;IsoMS_results_CA08_P2-C-5_01_10633_Spectrum.csv;T2;0.291;1.151;0.912;1.063;0.645;1.418;1.256;0.559;1.029;1.188;1.24;1.436;0.736;1.388;1.248;1.793;0.993;0.955;1.279;1.648;1.173;1.025;1.131;0.56;0.98;1.019;0.954;1.427;0.7;1.101;1.139;0.896;3.541;1.007;0.72;0.788;0.911;2.131;0.926;0.876;1.851;1.93;1.68;1.515;0.808;0.884;0.904;0.834;1.418;0.773;1.152;0.835;0.92;0.91;1.052;1.062;0.931;1.103;1.066;0.715;0.982;1.122;1.062;1.164;1.411;1.102;1.183;1.163;3.553;1.151;1.108;1.034;0.953;1.033;1.413;1.062;1.034;1.307;0.981;1.288;1.137;1.121;1.084;0.715;1.057;1.11;3.116;1.264;1.004;1.06;1.4;1.331;0.998;2.211;1.114;0.445;1.128;0.791;1.667;0.941;1.35;1.058;0.923;1.305;1.084;1.126;0.719;0.935;0.968;0.765;1.139;1.613;0.949;0.847;0.917;0.974;1.156;0.938;0.655;1.412;1.33;1.171;2.216;1.158;0.877;1.106;1.091;0.917;1.047;1.164;1.044;1.055;1.155;0.577;0.924;1.329;0.75;0.092;0.945;1.007;0.987;1.81;1.948;0.924;1.431;0.627;0.954;1.234;1.164;0.645;1.203;1.148;0.694;1.028;0.694;0.909;1.066;0.991;1.061;1.19;1.249;1.021;0.916;1.71;1.081;1.045;1.498;0.984;0.56;0.769;1.522;1.162;0.7;0.673;0.646;1.527;1.197;1.447;7.105;1.267;1.527;1.336;0.993;0.702;0.807;0.808;1.178;1.219;1.396;1.088;1.455;1.102;1.126;1.13;0.841;1.32;0.853;0.971;2.664;1.03;1.309;0.335;1.21;0.554;0.717;1.075;0.983;0.186;1.232;0.997;1.155;0.914;1.247;2.047;1.177;1.245;1.227;0.807;1.018;0.823;1.669;0.68;1.215;1.951;0.642;2.077;1.471;1.289;0.984;0.945;1.012;1.289;0.922;0.968;0.925;1.275;1.733;1.037;0.782;1.052;1.232;1.045;0.886;1.211;0.735;1.166;1.919;1.099;1.15;1.329;1.03;1.021;1.247;0.092;0.887;0.951;0.255;0.928;0.47;0.883;0.926;0.765;1.072;0.428;1.025;0.621;1.782;1.14;0.947;1.004;1.079;1.471;1.471;1.019;0.607;2.168;1.077;1.071;1.037;1.003;0.877;0.7288;1.237;1.596;1.09;0.93;1.074;1.122;1.274;2.967;1.162;1.314;0.806;1.395;1.018;0.518;1.045;0.617;0.777;1.282;1.21;1.07;1.144;1.128;1.443;1.319;1.024;1.117;0.681;0.807;1.596;1.396;1.638;0.877;0.417;0.2384;2.297;1.099;0.813;0.713;1.199;1.043;0.496;2.795;1.181;1.032;0.907;0.985;0.905;0.934;2.306;1.311;0.912;1.205;1.109;0.554;0.513;0.332;1.15;1.94;1.497;0.968;1.125;0.639;0.5086;0.6245;1.163;0.482;0.419;0.482;1.06;1.069;0.367;0.974;1.292;0.581;1.229;1.116;1.032;0.855;0.911;0.962;0.972;0.343
9T1;IsoMS_results_BA09_P2-F-5_01_10663_Spectrum.csv;T1;0.607;1.014;1.217;1.066;0.835;1.764;1.313;0.972;1.099;0.927;1.259;1.393;0.608;3.831;1.108;1.279;1.03;0.871;0.929;0.987;0.925;1.173;1.196;1.079;0.875;0.804;0.876;1.105;1.19;0.851;0.947;0.865;0.604;0.61;1.772;1.484;1.018;0.877;1.064;0.913;1.003;1.267;1.059;1.314;1.734;0.874;1.232;1.011;1.009;0.462;1.017;1.061;0.883;1.172;1.47;1.093;1.086;1.058;0.69;1.303;0.738;0.99;0.82;1.304;1.243;1.228;1.073;1.014;0.842;1.745;0.948;0.85;0.867;0.842;1.345;0.986;0.85;0.862;1.118;1.051;0.835;1.073;0.896;0.795;0.955;1.124;1.903;0.708;1.021;2.127;1.391;1.178;0.927;0.4276;1.105;0.607;0.942;1.073;1.755;1.114;1.226;1.115;1.104;1.187;0.937;0.881;1.639;1.098;1.089;1.419;1.079;1.627;0.984;0.825;0.987;1.95;1.019;1.089;0.868;1.454;1.172;1.088;0.682;0.977;0.914;1.008;1.098;0.936;1.192;0.989;1.027;1.159;0.995;1.15;1.101;0.897;1.478;0.405;0.883;0.897;0.954;0.758;0.751;1.221;1.137;0.929;1.13;1.229;1.631;1.236;0.765;0.904;1.005;0.768;1.091;0.898;0.996;1.202;1.002;0.989;1.155;1.153;0.1686;1.091;0.999;1.026;1.546;0.875;1.001;0.588;1.046;2.569;0.495;0.5;1.097;0.611;0.562;0.812;1.754;1.308;0.611;1.537;1.105;1.041;0.734;0.599;1.124;2.616;1.006;0.845;0.938;1.045;1.305;0.9;0.663;0.922;0.782;0.917;0.723;1.001;1.123;0.239;1.013;1.99;1.433;0.977;1.214;0.191;0.717;1.044;1.115;0.978;1.002;0.793;1.146;1.16;1.726;1.423;0.921;0.544;1.014;0.752;1.106;0.809;0.626;1.113;1.407;1.522;1.088;0.916;1.003;1.33;1.339;1.116;1.353;1.032;1.577;1.065;0.745;1.147;0.933;0.974;0.755;1.197;0.582;1.024;0.127;1.014;0.87;0.982;0.944;0.49;0.829;0.463;1.023;1.102;0.224;0.881;0.822;0.499;1.24;1.556;0.515;0.474;0.824;0.221;1.634;1.057;0.981;1.322;1.055;4.098;4.098;0.552;0.831;0.435;1.047;0.804;1.312;0.544;1.435;0.2823;1.218;1.46;1.939;0.908;0.574;1.072;1.134;0.177;0.765;1.104;0.502;1.054;0.852;0.944;0.795;3.943;0.467;0.728;0.983;1.073;1.225;0.755;1.011;0.685;1;1.036;0.459;0.841;0.937;1.1;1.699;1.016;0.303;3.609;0.693;0.883;1.177;2.848;1.4;0.9;0.452;0.67;1.046;1.006;0.746;0.597;0.591;1.314;0.917;1.045;1.075;0.3668;0.947;0.45;0.911;0.374;0.471;1.28;0.945;1.974;1.16;1.107;0.4872;0.5982;1.173;0.646;0.491;0.646;1.042;0.462;0.674;0.691;1.184;2.885;1.463;0.876;1.212;1.059;1.092;1.046;1.105;1.459
9T2;IsoMS_results_CA09_P2-E-9_01_10658_Spectrum.csv;T2;2.225;0.966;0.859;0.961;0.356;1.735;1.314;1.227;0.557;0.888;1.488;1.867;0.425;0.304;0.97;1.116;0.57;0.73;0.408;1.492;0.886;0.87;1.401;0.473;0.636;0.488;0.744;0.66;0.561;0.857;0.883;0.828;2.878;0.418;1.656;1.085;0.71;1.472;0.684;0.975;2.059;1.162;1.851;1.362;1.672;0.842;0.983;0.677;1.075;0.986;0.943;0.747;0.857;1.147;1.41;0.894;0.924;0.835;1.252;1.035;0.756;0.891;0.683;1.044;1.436;0.747;1.058;1.015;0.727;1.794;0.946;0.71;0.957;0.741;1.749;1.085;0.71;0.98;0.899;0.658;1.231;1.033;1.013;0.727;0.653;1.044;3.133;1.076;0.918;1.775;1.183;1.147;1.15;0.703;1.051;0.926;1.039;0.983;1.732;0.951;0.917;0.981;1.152;1.11;1.037;0.877;1.492;1.23;1.106;1.347;1.016;1.381;1.312;1.016;0.827;1.85;0.542;1.222;0.864;0.685;1.105;1.222;0.869;1.015;1.854;1.029;1.123;1.383;0.748;1.004;0.934;1.107;1.034;1.046;1.213;1.062;1.313;0.256;0.818;0.695;0.93;0.889;0.831;1.226;0.863;1.59;1.245;1.136;1.347;0.957;1.119;0.94;1.028;0.927;1.028;0.94;0.91;1.258;0.758;1.085;1.085;1.177;1.047;0.999;0.915;0.987;1.054;0.765;0.959;0.579;1.399;2.863;1.373;1.266;0.985;1.079;1.064;0.613;1.374;1.266;1.079;1.511;1.139;0.763;0.983;0.413;0.909;2.99;0.949;1.007;1.143;1.033;1.148;1.188;0.593;0.79;0.902;0.831;1.678;0.904;1.517;0.53;0.827;1.725;1.289;0.43;0.436;0.077;0.826;0.39;1.04;0.865;0.807;1.237;1.042;1.085;1.301;0.827;1.019;0.472;0.735;0.453;1.404;1.149;2.253;0.62;1.421;1.421;1.21;1.131;0.897;1.511;1.006;1.204;1.059;0.886;1.518;0.86;0.974;0.822;0.854;0.988;1.107;1.105;0.444;1.031;0.322;1.089;0.923;1.096;1.081;1.41;0.827;0.408;1.188;1.126;0.577;0.816;1.198;0.501;1.129;1.864;1.284;0.867;0.69;0.466;1.269;1.107;0.956;1.314;0.792;0.353;0.353;1.207;0.471;1.124;0.793;0.926;0.941;1.199;0.905;0.709;0.948;1.185;1.424;1.151;1.085;0.835;0.981;0.328;0.674;0.872;0.718;0.736;0.683;1.033;0.557;2.2753;1.043;0.896;1.491;0.803;1.093;1.316;0.458;1.02;0.531;0.805;1.184;0.714;0.657;0.555;0.937;0.804;0.535;0.395;0.182;1.005;0.765;1.987;1.193;1.007;1.655;5.338;0.713;1.02;1.016;0.897;0.91;0.776;0.787;1.072;1.17;1.1;1.051;1.477;0.424;0.53;0.437;1.076;0.886;0.68;1.012;1.089;0.487;0.598;1.101;0.407;0.408;0.407;0.987;1.063;1.546;1.239;1.152;2.818;1.905;0.732;1.092;0.967;1.018;1.052;1.013;0.285
10T1;IsoMS_results_BA10_P1-D-9_01_10616_Spectrum.csv;T1;0.2208;0.897;0.838;0.987;0.794;0.6613;0.826;1.059;0.874;0.907;0.755;0.85;0.718;1.603;1.266;1.309;0.86;0.92;1.392;0.872;0.906;1.147;0.777;0.731;0.789;0.758;0.924;0.969;0.541;0.612;0.905;0.843;0.766;0.898;0.854;1.034;0.545;0.883;0.743;1.123;0.767;0.907;0.761;1.353;0.942;0.825;0.939;0.995;1.381;0.408;0.958;1.025;0.965;0.891;1.014;0.961;0.911;0.995;1.279;1.639;0.683;0.86;1.283;0.983;1.22;0.782;0.895;0.864;1.294;0.995;0.953;0.753;0.951;0.882;1.188;0.798;0.753;0.677;0.827;1.423;0.89;1.123;0.813;0.617;1.28;1.289;2.06;0.965;0.967;0.66;0.917;1.342;0.826;1.945;1.287;0.34;0.808;0.741;1.727;0.917;0.92;0.935;0.85;0.953;1.308;1.11;0.9;0.868;0.851;0.692;1.196;1.069;0.42;0.842;0.461;1.789;1.053;0.853;0.919;0.962;1.166;1.351;0.667;0.9;0.513;0.918;1.057;0.713;0.949;0.906;1.222;1.206;0.901;1.052;0.856;0.425;1.216;0.088;0.814;1.098;0.898;1.21;1.139;1.21;1.036;0.432;0.878;1.056;1.314;0.985;1.515;1.187;0.534;0.588;0.534;1.031;1.254;1.13;1.062;1.125;1.036;0.97;0.414;1.214;1.26;0.959;1.556;1.06;0.941;0.986;0.881;1.76;0.483;0.562;0.737;0.564;0.553;1.798;4.617;1.442;0.564;1.064;0.987;0.993;0.676;0.791;1.059;3.354;0.956;1.357;1.026;1.022;1.169;1.193;0.704;0.797;0.657;1.082;0.586;1.26;1.382;0.29;1.083;0.983;0.751;0.72;0.843;0.117;0.789;0.739;1.068;0.868;1.127;1.009;1.062;1.305;1.152;1.911;0.842;0.748;0.724;0.729;0.811;1.039;1.636;0.429;1.145;1.031;1.259;1.433;0.97;0.356;1.551;1.249;1.57;1.105;1.09;0.812;0.904;0.831;0.881;0.915;0.935;1.003;1.149;0.983;2.374;0.902;0.971;0.878;0.892;1.166;0.979;0.01;0.805;1.5323;0.489;0.774;0.641;1.151;0.881;1.023;1.057;0.547;1.129;0.37;1.581;1.195;0.963;0.862;1.116;1.724;1.724;1.052;1.32;0.649;1.15;1.085;1.502;1.066;1.104;0.362;1.38;1.209;0.637;0.815;1.026;1.245;0.882;2.109;1.537;1.88;0.534;1.624;0.893;1.196;1.256;0.511;0.84;0.419;0.7;1.18;1.44;0.37;1.577;0.626;0.77;1.053;0.828;0.79;1.506;1.559;0.978;1.157;0.933;4.277;0.993;1.201;1.227;2.701;1.208;1.238;0.675;0.627;0.83;1.091;0.872;0.95;0.763;0.767;0.537;1.479;1.09;0.3492;0.985;0.731;1.009;0.416;0.535;1.269;1.256;0.793;1.072;0.927;0.4638;0.5696;1.077;0.642;0.519;0.642;0.971;0.494;0.969;1.553;1.143;2.423;1.402;1.048;1.241;1.207;1.214;1.138;1.139;1.847
10T2;IsoMS_results_CA10_P2-D-4_01_10643_Spectrum.csv;T2;0.335;0.7;1.039;0.952;1.164;1.169;0.634;1.217;1.095;0.734;0.729;0.855;0.895;0.557;0.966;1.211;1.097;0.675;1.436;0.797;0.735;1.286;0.765;1.393;1.017;1.18;0.696;0.913;1.39;0.743;0.724;0.682;0.407;0.672;1.065;1.005;0.418;0.692;1.397;1.143;1.392;0.766;1.266;1.082;1.105;0.71;1.002;1.283;1.086;1.752;0.794;1.261;0.969;0.898;1.065;0.756;1.091;1.515;0.893;1.458;0.725;0.692;0.958;0.829;0.713;1.012;0.774;0.668;1.435;1.177;0.857;0.706;0.847;0.88;1.143;0.647;0.706;0.958;0.791;1.47;0.751;0.842;0.832;0.501;1.516;0.85;2.423;0.879;1.055;0.534;0.916;0.834;0.644;1.075;0.854;0.498;0.714;0.688;1.462;1.048;0.93;0.879;0.741;0.894;1.448;1.059;1.062;0.76;1.058;0.662;1.017;0.944;1.061;0.636;0.521;1.985;1.662;0.778;0.46;1.344;0.689;1.111;0.788;0.883;0.466;0.902;1.054;0.821;0.984;0.893;1.15;0.949;0.88;0.723;0.762;0.503;1.063;0.093;0.799;0.727;0.707;0.624;0.604;1.054;1.254;0.625;0.797;0.98;1.2956;1.529;1.395;0.93;1.522;0.804;1.563;0.957;1.19;1.066;0.781;1.232;1.226;0.774;2.561;0.701;1.179;0.804;1.184;0.767;0.977;1.35;1.196;1.642;0.787;0.664;0.566;1.168;0.954;1.287;0.962;1.508;1.168;1.08;0.836;0.667;0.856;0.625;0.966;1.402;0.859;2.022;0.652;0.894;0.921;1.209;0.456;0.822;0.77;0.879;0.857;1.182;1.009;0.305;0.783;1.666;0.738;1.738;1.787;0.268;1.164;1.649;0.903;0.719;0.842;0.927;0.911;1.113;1.027;1.252;0.746;1.194;0.52;1.31;0.537;0.938;1.106;0.582;0.898;1.006;0.804;0.627;0.755;0.405;2.571;0.801;2.642;0.858;1.081;0.83;0.907;0.62;1.371;0.588;1.025;0.992;1.503;0.784;1.779;0.685;0.567;1.398;0.651;1.091;1.234;0.01;0.809;1.5673;0.336;0.769;1.017;1.14;0.653;0.78;0.938;0.706;1.098;0.572;1.33;0.954;0.783;1.585;0.905;0.348;0.348;0.943;1.646;0.894;0.905;0.907;2.02;0.942;0.586;6.839;0.967;1.402;0.672;1.041;0.926;0.963;0.618;0.347;1.361;1.843;1.663;1.678;0.66;1.289;1.163;0.376;0.778;0.893;0.53;0.98;0.977;0.91;1.91;0.905;0.891;0.94;0.893;0.787;1.588;1.668;1.345;1.023;0.325;3.095;0.7555;1.142;0.572;1.646;1.253;0.699;9.575;0.542;0.717;0.656;0.864;1.064;0.811;0.895;0.971;1.431;1.138;0.735;0.798;1.072;0.524;0.396;0.351;0.823;1.005;0.735;0.987;2.789;0.4507;0.5535;1.01;0.885;1.006;0.885;0.96;1.373;1.193;1.164;0.915;2.141;0.865;1.182;1.01;0.974;0.963;0.968;0.959;0.293
11T1;IsoMS_results_BA11_P1-E-2_01_10620_Spectrum.csv;T1;0.257;1.211;1.273;1.365;0.323;1.795;1.138;1.337;0.515;1.011;1.532;1.702;0.374;2.08;0.966;1.861;0.507;1.073;0.629;1.076;1.021;0.54;1.458;0.286;0.845;0.739;1.073;1.437;0.5382;1.108;1.022;1.762;0.706;0.933;0.509;0.89;0.495;1.059;0.47;0.764;1.26;1.048;1.149;1.636;0.543;1.635;1.151;0.437;1.534;0.352;1.072;0.465;1.019;0.947;0.708;1.731;1.232;0.804;1.16;1.03;0.801;1.061;1.305;1.769;0.966;0.574;1.129;1.133;0.681;0.843;1.018;0.945;1.298;0.786;1.631;0.968;0.945;1.425;0.941;1.395;1.149;0.915;1.263;0.818;1.206;0.888;1.728;1.115;0.797;1.203;1.296;1.208;0.912;1.987;0.901;1.006;1.134;1.383;1.141;0.736;1.053;1.026;1.175;0.903;0.952;0.959;0.588;1.211;1.406;0.946;1.027;1.117;0.882;1.1;1.228;0.964;0.589;1.261;1.854;0.632;1.002;1.425;0.809;1.022;1.165;0.993;1.44;1.035;0.898;1.008;1.014;0.892;0.99;0.927;1.261;0.944;1.263;0.06;1.187;1.051;0.985;1.446;1.674;1.05;1.457;0.804;1.242;1.035;1.199;0.692;1.1;1.543;0.127;0.904;0.758;0.803;1.007;1.285;1.089;0.471;1.453;1.314;0.1607;1.524;1.008;1.105;1.331;1.011;1.001;0.594;0.92;0.905;1.451;1.499;1.002;0.411;0.441;1.006;5.206;0.903;0.411;1.313;1.24;0.735;0.709;0.89;0.758;3.154;0.655;0.74;1.199;1.121;1.139;1.333;0.687;1.353;0.614;1.158;0.9;1.03;1.058;0.545;1.051;0.294;0.872;0.433;0.36;0.0462;1.11;0.4;1.209;0.952;1.074;1.13;1.167;0.901;1.2;0.839;1.078;0.513;0.47;0.343;1.241;1.13;0.934;1.795;1.205;1.246;1.008;0.959;1.044;1.158;1.011;1;0.997;1.087;1.211;0.841;0.865;1.223;0.709;1.249;1.022;1.006;0.352;1.007;1.568;1.165;0.985;1.246;1.293;1.063;0.621;0.01;1.429;0.918;0.292;0.779;0.547;0.646;1.223;0.949;1.107;0.37;0.849;0.717;1.308;0.901;0.955;0.708;0.937;2.459;2.459;1.072;1.0198;0.934;0.931;1.035;0.881;1.06;1.277;1.862;1.017;1.044;1.064;1.013;1.056;0.981;1.515;1.08;1.582;1.888;1.015;1.627;1.151;1.35;0.81;0.484;0.793;0.281;1.164;0.94;1.35;0.461;1.689;0.355;1.243;0.961;0.836;0.909;1.155;1.728;1.672;0.874;0.436;0.313;0.675;0.864;0.903;0.262;1.192;1.158;1.168;0.508;1.143;1.169;0.886;0.777;0.803;0.831;0.671;1.065;0.901;0.3496;0.706;0.91;1.415;0.251;1.513;1.013;0.999;1.355;0.932;0.778;0.4643;0.5701;0.992;0.312;0.436;0.312;0.898;0.679;0.64;0.912;1.317;0.41;1.139;0.83;0.997;0.856;0.887;0.865;0.83;3.601
11T2;IsoMS_results_CA11_P1-D-7_01_10614_Spectrum.csv;T2;0.2911;1.059;0.946;1.31;1.122;1.613;1.043;1.261;1.041;1.011;1.524;1.715;0.787;0.593;0.946;1.957;1.047;0.88;1.359;1.088;1.002;0.87;1.378;0.801;1.388;1.555;0.887;1.299;0.537;1.173;1.014;1.646;1.369;1.379;0.495;0.862;0.558;1.273;1.04;0.844;1.027;1.263;0.902;1.448;0.524;1.66;1.075;1.016;1.2;0.732;1.062;0.965;1.014;1.046;0.88;1.726;1.239;1.221;1.078;1.021;0.958;0.886;1.247;1.612;0.857;0.925;0.871;0.846;0.773;0.92;1.142;1;1.244;1.024;1.36;0.943;1;1.317;1.065;1.312;0.965;0.898;1.147;0.772;1.109;0.867;3.198;0.882;1.067;1.383;1.456;1.273;1.02;1.901;0.88;1.387;0.978;1.228;1.506;0.985;0.951;0.892;1.142;0.915;1.002;1.099;0.513;1.192;1.385;0.94;1.036;1.734;0.919;1.023;1.312;1.062;0.944;1.19;1.245;1.12;1.13;1.501;1.647;1.187;0.3768;1.093;1.399;1.427;1.064;1.163;0.892;0.89;1.165;0.949;1.196;2.228;1.237;0.154;1.197;0.941;1.088;0.946;1.151;1.183;1.605;0.53;1.187;1.059;1.304;1.89;1.127;1.452;0.929;1.222;0.929;0.928;0.878;1.362;1.148;0.728;1.394;1.14;0.777;1.746;0.909;1.183;1.591;0.989;0.82;1.155;0.823;1.036;0.717;0.756;0.848;0.762;0.734;1.257;2.201;1.529;0.762;1.813;1.201;0.867;0.817;0.517;0.738;3.173;0.972;0.886;1.054;1.226;1.127;1.31;0.497;1.59;0.709;1.133;1.805;0.912;1.076;1.563;0.994;0.454;1.293;1.278;1.339;0.206;0.854;1.054;1.342;1.027;1;1.495;1.311;1.279;1.849;0.631;1.16;0.826;0.668;0.997;1.165;1.609;2.107;1.634;0.91;1.726;0.808;0.85;1.029;0.763;1.856;0.81;1.821;1.047;1.332;0.823;0.784;0.963;0.946;0.841;0.957;1.198;1.056;1.003;1.582;0.875;1.117;1.703;0.845;0.738;0.931;0.01;1.31;1.087;1.719;1.431;0.609;1.436;1.267;0.762;0.858;0.793;1.344;0.939;1.425;1.009;1.135;1.546;0.818;0.635;0.635;0.905;0.906;1.52;0.818;0.942;1.555;0.913;0.805;3.517;0.976;1.24;1.061;0.858;0.987;0.88;1.31;0.379;1.347;1.437;0.713;1.362;1.041;1.166;1.279;3.215;0.662;0.509;1.96;0.828;1.33;0.757;1.376;0.732;0.925;1.006;0.714;0.561;2.036;1.31;1.896;0.927;0.338;0.671;1.268;0.782;1.108;0.434;0.96;1.274;1.826;0.947;0.79;0.789;1.096;0.933;1.185;1.045;0.676;1.173;1.177;0.922;1.226;0.631;0.809;0.437;1.309;1.102;1.021;0.986;0.844;1.106;0.4747;0.5828;0.885;0.75;0.738;0.75;0.772;1.379;0.957;0.734;1.218;0.575;1.295;0.788;0.925;0.866;0.911;0.913;0.914;0.467
12T1;IsoMS_results_BA12_P2-E-7_01_10656_Spectrum.csv;T1;0.386;1.005;1.015;0.96;0.645;1.352;1.017;0.027;0.923;0.866;1.065;1.178;0.592;2.644;0.72;1.155;0.9;0.861;0.839;1.05;0.874;0.793;1.105;0.882;0.969;0.981;0.869;0.901;0.928;0.935;0.887;0.771;1.17;0.873;0.703;0.961;1.266;1.184;0.901;0.722;1.256;0.982;1.258;1.434;0.761;0.841;1.037;0.742;1.17;0.357;0.901;0.732;0.973;0.932;0.844;0.911;1.095;1.051;1.074;0.868;0.819;1.023;0.86;0.968;0.95;0.737;1.043;0.837;1.087;0.92;0.964;0.648;0.895;0.859;1.538;0.705;0.648;1.07;0.972;0.937;0.933;0.71;0.929;0.767;1.022;0.717;2.005;1.15;0.836;3.638;1.315;0.804;0.77;0.367;0.717;0.42;0.869;1.359;1.284;1.134;1.205;0.858;1.039;0.774;1.159;0.833;0.693;1.064;1.157;0.864;0.76;1.2;0.554;0.931;0.948;1.041;0.875;1.059;1.567;1.035;0.623;0.94;1.165;0.957;1.243;0.957;1.142;1.334;1.708;0.96;0.989;0.807;0.97;1.355;1.054;0.587;1.085;0.136;0.769;0.734;0.732;0.963;0.785;1.18;1.397;1.157;1.054;0.971;1.168;0.832;1.073;0.943;0.639;0.735;0.639;0.823;1.025;1.074;0.766;0.479;0.629;1.044;0.1531;1.021;1.012;0.833;1.164;0.704;0.85;0.875;2.148;1.501;0.609;0.56;1.653;0.576;0.521;1.309;1.348;1.827;0.576;1.329;1.042;0.786;0.903;1.008;0.922;2.446;0.806;1.34;0.973;0.883;1.069;1.171;0.482;1.172;0.848;0.819;1.26;1.03;0.989;0.621;0.643;0.844;1.183;0.963;1.14;0.147;1.24;0.897;0.866;0.706;0.659;0.657;0.928;1.289;1.266;0.77;0.857;0.633;0.741;0.748;0.724;0.644;1.247;1.996;1.166;1.264;1.103;1.041;0.869;2.888;1.021;1.072;1.04;0.72;1.157;0.86;0.857;0.885;0.954;0.975;0.94;0.814;0.829;0.617;0.26;0.991;1.25;1.297;1.01;1.064;1.18;0.009;1.493;0.996;0.949;0.752;0.686;0.692;0.895;0.941;0.938;1.15;0.631;5.895;1.322;0.995;0.873;0.901;0.794;2.704;2.704;0.972;0.494;1.244;0.788;0.86;0.944;0.974;0.967;0.405;0.928;1.363;2.977;1.06;0.909;0.84;1.602;0.255;1.036;1.355;0.785;1.154;0.718;0.812;0.612;6.272;0.925;2.448;1.438;0.842;1.344;0.497;1.055;0.395;0.666;0.927;0.917;0.855;0.891;0.984;1.29;0.747;2.212;0.279;1.35;0.826;0.534;0.663;1.083;1.012;0.332;1.809;1.309;0.738;1.047;1.2;1.139;0.662;1.133;1.171;0.749;0.4163;0.832;0.944;1.571;0.541;0.512;0.738;0.844;1.227;0.885;1.038;0.4423;0.5431;0.903;0.346;0.414;0.346;0.834;0.603;0.334;0.848;0.998;0.935;0.958;1.015;0.831;0.762;0.779;0.843;0.848;2.255
12T2;IsoMS_results_CA12_P2-F-4_01_10662_Spectrum.csv;T2;0.336;1.155;0.923;1.133;0.568;1.636;1.183;0.023;0.687;0.989;1.122;1.182;0.53;0.739;0.924;1.489;0.688;1.242;0.906;0.838;0.993;0.719;1.121;0.551;0.827;0.671;1.229;0.942;0.483;1.108;1.016;1.011;1.118;0.612;1.105;1.014;1.649;1.392;0.738;1.207;1.572;0.649;1.162;1.637;1.133;1.04;1.195;0.833;1.2;1.738;1.006;0.874;0.794;1.16;1.017;1.103;1.396;1.248;0.688;1.184;1.128;1.172;0.97;1.092;1.004;1.039;1.254;1.072;1.305;1.211;1.06;1.075;0.971;1.048;1.464;1.229;1.075;1.15;1.074;0.69;1.341;0.943;0.97;0.887;0.739;0.937;3.051;0.908;1.055;0.888;1.322;1.478;1.336;0.669;0.927;0.475;1.11;1.466;1.401;1.191;1.049;0.972;1.294;1.194;1.832;0.846;1.052;1.382;1.107;1.037;0.809;1.133;0.685;1.049;1.045;1.194;0.73;1.373;1.821;0.667;1.111;1.299;1.887;1.017;1.154;1.029;1.119;1.215;0.925;1.016;1.244;1.081;1.012;0.745;1.348;1.378;1.026;0.194;1.148;1.019;1.086;0.99;0.977;0.963;1.312;1.646;1.408;1.012;1.549;0.811;0.996;1.218;2.325;1.068;2.325;0.917;1.222;0.97;1.049;0.63;0.981;1.497;2.275;1.534;1.236;1.152;1.542;0.992;0.539;0.437;0.96;1.323;1.647;1.641;0.979;1.429;1.114;1.45;1.389;2.655;1.429;1.595;1.359;0.618;1.011;0.848;0.98;3.625;0.909;0.608;1.3;1.199;0.941;0.967;0.681;1.19;0.794;0.976;0.791;1.229;1.121;0.532;0.993;0.688;1.168;0.445;0.546;0.0513;1.352;0.387;1.333;1.171;1.01;0.805;1.298;1.097;1.472;1.048;1.197;0.397;0.813;0.413;1.701;0.848;0.954;1.552;1.617;1.511;0.832;1.553;1.249;1.122;1.646;0.838;1.664;1.096;1.353;0.918;0.721;1.127;0.83;1.402;0.81;0.897;0.354;1.575;0.577;1.332;1.42;1.333;1.417;0.301;0.404;0.019;1.28;1.242;1.297;1.332;0.752;0.378;1.5;1.046;0.515;0.617;0.613;0.578;2.005;0.911;1.179;1.228;1.343;0.602;0.602;0.543;0.399;0.488;1.327;0.969;1.409;0.514;1.583;0.447;1.355;1.508;0.84;1.039;0.527;1.309;1.74;0.268;0.499;0.688;0.695;0.526;1.038;1.312;0.573;0.696;0.433;0.97;1.542;1.275;1.099;1.042;0.597;1.474;1.087;1.299;0.359;0.856;1.079;0.775;1.259;1.393;0.359;0.419;3.942;0.621;1.03;0.98;1.353;1.099;1.184;1.081;1.44;0.814;0.875;0.98;0.942;1.339;1.421;1.184;1.373;1.205;0.506;2.885;0.243;0.332;0.333;1.147;1.027;1.056;0.97;1.955;0.5154;0.6329;0.988;0.423;0.358;0.423;0.978;1.287;0.468;0.581;1.581;0.839;0.711;0.726;0.948;0.839;0.877;0.839;0.886;0.152
13T1;IsoMS_results_BA13_P2-D-1_01_10638_Spectrum.csv;T1;0.25;0.897;0.806;0.891;0.457;1.251;0.893;1.299;0.646;1.04;0.744;1.007;0.542;0.989;0.992;1.168;0.702;0.781;0.762;0.957;1.048;0.755;0.748;0.616;0.674;0.59;0.787;0.953;0.79;0.933;1.04;1.236;0.43;0.364;0.743;0.657;0.744;0.698;0.714;0.93;1.23;1.008;1.232;1.397;0.741;1.252;0.642;0.663;1.17;0.613;1.097;0.691;1.342;0.363;0.718;1.333;1.009;0.91;0.992;0.867;0.734;0.844;1.09;1.135;1.521;0.94;0.919;1.208;0.57;0.895;1.063;0.697;1.054;0.539;1.027;0.889;0.697;1.052;0.958;1.084;1.196;0.823;0.998;0.634;1.12;0.832;1.792;0.789;0.884;0.922;1.086;1.095;0.764;0.3919;0.836;0.555;1.048;0.827;1.236;0.81;0.828;0.782;1.051;0.894;1.035;0.865;0.745;1.053;1.978;0.816;0.898;1.065;1.057;1.249;1.242;0.673;1.023;1.074;1.368;0.608;1.082;0.657;0.494;0.771;1.083;0.846;1.242;1.478;0.674;0.795;1.052;0.937;0.775;1.07;1.064;0.47;0.664;0.109;0.936;0.745;0.91;0.833;0.977;1.822;1.152;0.439;1.08;1.097;1.012;0.851;0.783;0.998;0.709;0.712;0.709;0.891;1.094;1.705;0.849;0.573;1.376;1.064;0.328;0.812;1.097;0.971;1.168;0.804;1.287;0.606;1.58;1.457;0.542;0.621;0.896;0.384;0.321;0.878;3.663;2.77;0.384;1.35;1.024;0.746;0.755;0.455;0.735;1.611;0.705;1.819;1.46;0.995;1.538;1.391;0.513;1.174;0.629;0.829;0.291;1.065;1.152;0.241;0.744;0.741;0.781;1.256;1.442;0.24;0.42;1.256;1.097;0.777;0.746;0.845;1.057;1.461;1.052;0.957;1.078;0.659;0.209;0.638;0.642;0.53;0.566;1.198;1.031;1.26;1.484;1.312;0.808;0.831;1.633;1.453;1.642;0.817;0.932;0.566;0.817;0.943;1.017;1.301;1.134;0.607;0.561;1.016;0.01;1.254;0.891;0.659;1.152;1.298;0.823;0.011;1.11;0.884;0.243;0.756;1.24;0.597;0.829;0.499;1.101;0.463;0.841;0.183;1.047;1.168;0.886;0.574;0.791;0.903;0.903;1.059;1.921;0.35;0.796;0.959;1.546;1.064;1.148;2.069;0.931;1.126;0.894;1.091;0.984;0.831;0.861;0.106;1.06;1.233;1.911;1.164;0.874;2.301;0.7;8.124;0.895;0.109;0.851;0.854;1.188;0.581;1.023;0.43;0.943;0.829;0.814;0.988;1.236;1.284;1.5;0.862;2.072;0.612;0.496;1.165;1.307;0.254;1.169;0.407;0.1425;0.431;0.672;0.399;0.831;0.801;0.794;1.047;0.773;1.134;0.865;0.3522;0.987;0.714;0.742;0.401;0.722;1.042;1.117;0.332;0.993;2.023;0.4678;0.5744;1.045;0.298;0.308;0.304;0.986;0.3143;0.2894;1.43;1.099;0.45;1.063;1.052;1.239;1.118;1.101;1.169;1.196;0.657
13T2;IsoMS_results_CA13_P2-F-6_01_10666_Spectrum.csv;T2;0.4224;0.799;1.052;0.855;1.372;0.6588;0.707;1.281;1.262;0.892;0.729;0.794;0.787;0.871;0.733;0.936;1.254;0.794;1.097;0.804;0.879;1.068;0.753;1.556;1.228;1.397;0.806;0.825;1.627;0.946;0.874;1.105;1.197;1.01;0.818;0.747;0.877;0.944;1.292;1.305;1.226;0.749;1.285;1.14;0.846;1.128;0.808;1.172;0.909;1.733;0.906;1.127;1.045;0.88;0.856;1.105;1.081;1.151;0.911;0.7902;0.681;0.82;0.888;0.999;1.361;0.971;0.906;0.84;0.96;0.653;0.856;0.577;1.031;0.607;1.086;0.904;0.594;1.062;0.994;1.124;0.882;0.715;0.891;0.692;1.197;0.735;1.907;0.927;1.08;0.602;1.086;0.996;0.822;0.4135;0.74;0.599;0.823;1.284;0.795;1.099;0.813;0.735;0.793;0.831;0.985;0.893;0.73;0.78;1.434;1.129;0.987;0.973;0.458;2.237;1.295;0.714;1.101;0.762;0.887;1.248;1.133;0.682;0.621;0.76;1.249;0.848;1.158;1.667;0.762;0.766;0.949;0.827;0.774;1.087;0.761;0.568;0.505;0.101;0.911;0.874;1.039;0.659;0.562;1.298;1.074;0.594;0.778;0.825;1.559;1.032;1.061;0.97;1.829;1.041;1.953;0.941;0.962;1.239;0.774;0.667;1.214;0.82;2.157;0.824;0.972;1.144;0.953;0.986;1.178;1.128;0.942;1.595;0.692;0.618;0.652;1.123;1.063;0.848;1.266;0.456;1.123;1.046;0.83;0.712;1.022;0.805;0.954;1.952;0.533;1.894;0.719;1.169;1.09;1.324;0.542;1.343;0.641;0.918;0.204;0.952;1.07;0.2442;0.793;0.95;0.661;1.282;1.607;0.238;1.13;1.077;1.176;1.009;0.809;0.796;1.218;1.534;0.992;0.97;1.109;1.278;0.974;1.315;0.677;0.607;0.856;1.124;0.808;1.212;0.643;0.714;0.893;0.47;1.291;0.658;1.302;0.761;0.985;0.857;0.92;0.878;1.062;0.611;0.855;0.883;1.377;1.027;0.242;0.593;0.894;0.671;0.731;0.792;1.246;0.012;1.513;1.068;0.158;0.789;1.187;1.139;0.766;1.033;0.775;0.378;1.061;0.338;0.832;0.796;1.056;1.665;1.001;0.72;0.72;0.796;1.52;0.194;1.002;0.889;1.209;0.811;0.613;3.175;1.054;1.073;0.515;0.887;0.812;1.082;1.098;0.123;1.039;1.28;1.465;1.171;0.83;1.307;0.913;0.459;0.608;0.0569;1.242;1.068;1.097;1.104;1.213;1.001;1.063;1.023;0.78;0.621;1.206;1.448;0.845;0.941;0.475;0.412;0.557;1.117;0.837;0.438;1.287;0.588;0.318;1.652;0.847;0.624;0.784;0.777;0.803;0.734;1.581;1.316;1.555;0.792;1.076;0.961;0.219;0.369;0.887;1.066;0.974;0.696;1.038;1.713;0.4621;0.5674;1.067;0.763;1.03;0.763;0.995;1.3;1.054;0.87;0.671;0.504;0.681;1.024;0.957;0.903;0.906;0.905;0.917;0.165
15T1;IsoMS_results_BA15_P2-C-8_01_10636_Spectrum.csv;T2;0.24;1.028;1.09;1.034;0.764;1.541;1.138;1.181;1.123;0.91;0.906;1.081;0.715;2.324;1.371;1.282;1.065;1.035;0.806;0.574;0.915;0.937;0.876;0.811;0.8;0.706;1.025;1.124;0.918;0.691;0.903;0.964;1.517;0.579;0.835;0.993;0.643;1.382;0.91;0.801;1.364;0.659;1.388;1.354;0.942;0.938;0.906;0.856;0.95;0.435;0.983;0.869;1.048;0.935;0.992;1.12;1.08;1.036;0.647;1.359;0.823;1.198;0.853;1.086;1.557;0.733;1.264;1.126;1.49;0.793;0.986;0.821;0.735;0.711;1.021;0.89;0.821;0.684;0.947;1.647;1.004;1.049;0.705;0.898;1.486;1.06;2.262;0.909;0.785;1.134;1.003;1.453;0.948;0.609;1.075;0.451;0.996;1.328;1.48;1.434;1.091;1;0.815;0.945;1.02;0.926;0.816;0.836;1.239;1.124;1.103;1.222;0.2944;1.143;0.844;1.336;0.608;0.838;0.987;0.777;1.119;1.499;0.804;0.662;0.798;0.794;0.91;1.066;1.135;0.657;1.053;1.086;0.677;1.097;0.841;0.426;1.174;0.162;0.859;0.883;0.96;0.954;1.01;1.247;1.739;0.695;0.845;1.111;1.745;1.408;1.108;0.948;0.473;0.828;0.385;0.759;1.091;1.483;1.11;1.325;1.388;0.931;0.1701;0.871;1.088;1.038;1.192;0.893;1.031;0.824;1.102;1.865;0.596;0.53;0.727;0.453;0.424;0.901;2.801;1.502;0.453;1.176;0.929;0.781;0.954;3.235;0.984;3.126;0.867;1.392;0.941;1.07;1.136;0.801;0.665;0.846;0.603;1.171;0.484;1.083;1.165;0.154;0.899;0.949;0.826;0.615;0.661;0.112;0.896;0.633;1.205;0.874;0.92;0.858;1.15;2.162;1.343;1.227;1.109;0.571;1.101;0.743;0.953;0.859;0.5;0.856;1.007;1.205;1.229;1.01;0.905;0.842;2.651;1.253;2.651;0.94;1.301;1.073;0.645;1.227;1.183;1.121;0.697;1.046;0.803;1.33;0.146;0.964;1.135;0.739;0.999;0.816;1.046;0.01;1.454;0.88;0.144;0.888;1.095;0.655;0.789;1.271;0.75;0.275;0.71;0.112;1.085;1.105;0.816;0.677;0.852;2.321;2.321;0.726;0.248;0.49;0.852;0.811;2.256;0.708;0.696;0.1622;1.03;1.151;0.996;0.964;0.753;0.918;1.118;0.204;1.401;1.783;0.744;1.707;0.858;0.696;0.777;0.588;0.549;0.567;0.713;0.838;1.524;0.456;1.665;0.605;0.924;0.808;0.613;0.685;1.965;2.218;1.203;0.731;0.371;0.2695;0.598;0.842;0.865;0.613;1.145;1.167;0.519;1.87;1.438;0.969;0.921;0.866;0.735;0.933;2.848;1.361;0.724;0.3701;0.79;1.07;1.557;0.507;0.316;1.231;1.15;1.283;0.956;1.647;0.4916;0.6037;0.965;0.451;0.512;0.451;0.867;0.972;0.643;0.824;1.654;0.741;1.084;0.979;0.993;0.87;0.937;0.883;0.902;2.558
15T2;IsoMS_results_CA15_P1-E-5_01_10623_Spectrum.csv;T2;0.234;0.906;1.147;1.184;1.171;0.6799;0.84;0.708;1.454;0.817;0.852;1;1.026;0.19;0.838;1.253;1.431;0.754;1.998;0.813;0.817;1.26;0.819;1.164;1.014;0.925;0.748;0.994;1.336;0.861;0.848;0.797;0.558;0.899;1.007;0.899;0.893;0.839;1.18;1.051;1.052;0.844;1.096;1.046;1.031;0.808;0.778;1.319;0.863;1.634;0.902;1.326;0.964;0.682;0.992;0.917;0.928;1.182;1.003;1.225;1.161;0.89;0.734;0.806;0.809;1.508;0.92;1.067;1.309;1.026;0.862;1.286;0.848;1.049;1.21;1.034;1.286;0.816;0.843;1.388;1.035;0.954;0.878;0.766;1.176;0.949;2.882;1.388;1.076;0.663;1.148;1.022;0.825;0.406;0.965;0.386;0.974;1.014;1.123;0.851;1.432;1.168;0.784;0.782;0.982;1.174;1.056;0.804;1.278;1.027;1.203;1.188;0.2856;0.83;1.058;0.923;1.359;0.799;0.871;1.247;0.918;0.874;2.232;0.876;0.93;0.916;1.002;0.898;1.21;0.872;0.974;0.974;0.879;1.415;0.817;0.736;1.363;0.155;0.706;0.73;1.008;1.126;1.327;0.987;1.602;0.33;0.876;1.03;0.969;1.509;1.301;0.886;1.457;0.962;1.319;0.93;0.957;0.96;0.923;1.383;1.144;0.865;2.929;1.211;0.974;1.137;0.911;0.753;1.405;1.218;1.054;0.745;0.719;0.702;0.461;1.595;1.478;1.126;0.726;1.77;1.595;1.362;0.909;0.893;0.829;2.07;1.054;2.466;0.865;1.592;1.256;1.202;1.088;0.751;0.6;1.043;0.607;0.988;0.421;0.984;0.923;0.274;0.895;0.72;1.092;2.237;2.241;0.357;1.157;2.383;1.343;0.921;0.902;0.981;1.245;1.448;1.322;1.135;1.247;1.058;0.565;0.976;0.76;1.032;0.636;0.743;0.758;1.244;0.705;1.176;0.87;0.513;2.645;0.698;2.596;0.937;1.058;0.611;0.962;0.955;1.441;1.138;1.072;1.186;1.309;1.284;0.274;1.025;1.021;0.928;1.107;1.11;1.616;0.01;1.121;0.972;0.144;1.779;0.89;1.273;0.833;1.073;0.965;0.288;1.481;0.098;1.003;0.843;0.992;1.36;0.864;0.151;0.151;1.01;2.33;0.271;0.864;0.908;2.386;1.025;0.864;0.369;0.972;0.929;0.77;0.959;0.916;0.891;0.733;0.233;1.674;1.843;2.103;1.634;0.82;1.265;1.271;1.801;0.723;2.218;0.572;0.803;1.302;1.904;1.298;1.471;0.852;0.838;0.92;0.81;1.621;1.2;1.08;0.81;0.18;0.2236;0.957;0.835;0.738;0.669;0.931;0.368;0.471;0.506;0.632;0.906;1.474;1.558;1.257;1.237;1.447;1.418;1.257;0.702;1.279;0.536;0.402;0.372;0.368;0.717;0.94;0.253;0.875;1.722;1.468;1.49;0.862;0.539;0.591;0.539;0.944;2.199;0.819;0.709;0.795;0.827;1.252;1.178;0.914;0.798;0.823;0.899;0.965;0.191
16T1;IsoMS_results_BA16_P2-E-1_01_10649_Spectrum.csv;T1;0.285;0.971;1.132;0.816;0.604;2.305;0.833;0.846;0.864;1.072;0.885;1.192;0.414;2.91;1.002;1.496;0.869;0.931;0.683;0.98;1.076;0.743;0.861;0.715;0.823;0.856;0.914;1.132;1.23;0.781;1.076;1.029;0.423;0.56;0.414;1.017;1.077;0.683;0.945;0.73;1.22;0.995;1.153;1.017;0.486;0.982;0.952;0.607;1.443;0.355;1.155;0.602;1.258;0.962;0.53;1.171;0.947;0.923;1.172;0.736;1.368;1.221;1.02;1.549;0.944;0.751;1.212;0.985;1.07;0.717;1.132;0.875;0.96;0.962;1.529;0.789;0.875;0.726;0.951;0.995;0.929;0.691;1.042;0.791;1.162;0.632;1.705;0.875;0.945;0.879;1.595;1.176;0.885;0.407;0.633;0.357;0.888;1.049;1.472;1.144;0.922;0.866;0.911;0.788;0.665;0.936;0.439;0.911;1.467;0.917;0.735;1.949;0.2796;0.868;0.819;0.668;0.643;0.912;1.378;1.196;0.948;0.695;0.75;1.158;0.611;1.075;1.225;1.304;0.93;1.164;0.956;0.716;1.178;1.1;0.909;0.267;1.13;0.166;0.944;0.769;0.758;0.983;1.024;1.236;1.243;1.461;0.949;0.783;1.05;0.906;1.138;0.834;0.841;1.086;0.841;0.954;0.926;1.15;0.685;0.57;1.109;0.912;0.1616;3.222;0.927;0.847;1.494;0.823;1.295;0.739;1.251;0.853;0.594;0.521;0.877;0.411;0.43;0.655;0.592;1.091;0.411;1.512;0.888;0.849;0.785;1.431;0.935;0.907;0.544;1.29;1.065;0.888;1.153;1.123;0.371;0.702;1.018;0.687;0.315;0.977;0.954;0.189;0.726;0.903;1.239;0.698;0.54;0.118;0.88;0.722;0.966;0.768;0.739;0.668;0.954;1.42;1.249;0.754;0.967;0.662;0.673;0.654;0.623;0.709;0.316;0.951;0.846;1.5;1.315;0.927;1.088;0.633;1.712;1.33;1.787;0.76;1.265;1.219;0.971;0.916;0.902;1.106;1.281;0.761;0.688;0.882;0.315;1.011;0.73;0.859;0.884;1.232;0.943;0.023;1.668;0.663;0.18;0.751;0.873;0.67;0.739;1.14;1.029;0.321;0.703;2.234;1.506;1.079;0.866;0.859;0.673;3.211;3.211;1.068;0.191;0.341;0.663;0.924;1.296;1.061;1.112;0.4653;0.659;1.359;0.915;1.416;0.982;0.691;1.2;0.3;0.939;1.315;0.689;1.255;0.808;1.245;0.667;1.9858;0.966;1.457;0.405;0.697;1.166;0.433;0.945;0.419;1.002;0.707;1.195;0.999;1.063;0.92;1.614;0.699;0.654;5.62;0.654;0.929;0.822;0.24;1.228;0.813;0.411;0.425;0.988;0.626;1.468;1.707;1.518;0.716;2.889;1.041;0.664;0.3516;0.594;0.583;1.533;0.485;3.069;0.83;0.946;1.064;0.986;1.04;0.467;0.5734;1.02;0.314;0.449;0.314;0.968;0.659;0.761;0.904;1.278;0.595;1.33;0.896;1.011;0.893;0.925;0.909;0.87;3.286
16T2;IsoMS_results_CA16_P1-D-5_01_10612_Spectrum.csv;T2;0.2809;0.952;1.136;1.05;1.103;1.981;1.644;1.004;1.447;1.137;1.053;1.193;0.628;1.601;1.027;1.74;1.496;0.818;1.555;0.985;1.168;1.064;1.021;0.908;1.329;1.471;0.815;1.102;1.204;1.451;1.183;0.94;0.513;1.349;0.568;1.075;1.748;0.736;1.008;0.85;0.867;0.989;0.817;1.151;0.627;0.968;0.95;1.054;1.609;0.882;1.137;1.041;0.959;0.767;0.659;1.125;0.886;1.101;1.068;0.734;1.186;0.997;1.138;1.42;0.904;1.392;1.002;1.113;1.374;0.907;1.135;1.388;1.219;1.014;1.022;0.741;1.388;0.993;1.233;1.598;1.048;0.731;1.211;0.61;1.509;0.697;4.152;1.287;1.104;0.751;1.374;1.148;0.816;1.33;0.694;0.426;0.879;0.713;1.264;1.148;1.05;0.967;0.752;0.924;0.688;1.231;0.593;0.746;1.119;1.144;0.822;2.242;0.366;0.556;0.896;0.626;1.231;0.725;1.754;1.893;1.286;0.601;1.002;1.399;0.975;1.229;1.287;0.669;1.008;1.396;0.808;0.895;1.384;1.421;0.722;0.783;1.273;0.255;0.922;0.945;0.894;1.937;2.185;1.157;1.456;0.442;0.802;0.868;1.317;1.306;1.419;1.08;1.071;1.212;1.071;0.938;0.79;1.009;0.925;0.725;0.947;0.789;1.332;3.783;0.787;1.003;1.611;0.968;1.164;1.234;0.895;0.957;0.825;0.721;0.593;1.179;1.22;1.142;4.331;1.094;1.179;1.452;0.841;0.868;0.675;1.162;1.159;1.041;0.882;1.475;1.829;1.02;1.437;1.442;0.518;0.867;0.986;1.004;0.511;0.794;0.91;0.339;0.922;0.491;0.763;3.919;4.413;0.628;1.256;3.794;1.163;0.9;0.954;0.782;1.105;1.629;1.657;0.91;1.215;1.012;0.2123;0.803;0.587;0.846;0.528;1.458;0.77;1.34;0.943;1.294;1.29;0.829;2.318;0.944;2.323;1.025;1.51;1.405;0.874;1.329;0.897;1.197;0.92;1.324;1.116;1.205;1.32;1.104;1.434;0.767;1.253;1.27;1.617;0.011;0.701;0.88;0.267;0.914;1.002;1.437;0.725;1.34;1.068;0.29;1.629;0.208;1.445;0.787;1.033;1.183;0.753;1.693;1.693;1.057;1.694;0.313;0.758;0.946;2.067;1.042;0.857;0.385;0.857;1.16;0.946;1.047;0.985;0.772;1.047;0.807;1.53;2.295;2.371;1.96;0.962;1.308;1.56;0.388;0.705;0.182;0.611;0.809;1.064;1.272;1.573;1.333;1.05;0.846;0.921;0.856;1.951;1.701;1.505;0.66;1.429;0.276;0.158;1.012;0.744;0.352;1.053;0.326;0.304;0.435;0.803;0.809;1.393;1.437;1.423;0.9;2.366;1.234;0.84;1.136;1.493;0.558;0.216;0.516;2.139;0.672;0.999;0.891;0.832;2.034;2.141;2.359;0.863;0.87;0.709;0.87;0.861;0.844;0.913;1.119;1.557;0.274;0.89;1.098;1.073;0.955;0.986;0.931;0.912;0.14
17T1;IsoMS_results_BA17_P2-F-8_01_10668_Spectrum.csv;T1;1.34;1.05;1.062;1.304;0.609;0.866;1.121;0.392;0.892;1.127;1.249;1.586;0.465;1.126;0.977;0.885;0.903;1.1;0.936;0.752;1.136;0.633;1.238;0.739;0.987;0.903;1.125;1.003;0.786;0.917;1.126;1.395;2.269;0.817;0.585;0.913;0.617;1.49;0.708;1.1;1.146;0.446;1.282;1.514;0.616;1.422;0.885;0.713;0.916;0.535;1.121;0.723;1.028;1.005;0.66;1.396;1.469;0.989;0.917;1.256;1.146;1.161;1.265;1.029;1.071;0.718;1.174;1.251;1.132;0.641;1.225;1.043;1.296;0.818;1.35;0.99;1.043;1.041;1.155;1.019;1.275;0.844;1.473;0.873;1.095;0.866;1.077;1.063;1.199;2.558;1.514;1.125;1.036;0.4256;0.864;0.581;1.197;0.674;0.736;1.436;1.002;1.195;1.335;1.021;1.687;1.22;0.579;1.369;1.973;1.699;0.878;0.775;0.607;1.304;2.503;0.705;0.805;1.383;1.075;0.488;0.896;0.716;1.251;0.631;0.695;0.808;1.451;0.858;1.079;0.644;1.193;0.874;0.649;1.264;1.363;1.395;1.012;0.07;1.103;1.061;1.06;1.092;0.889;1.691;1.259;0.927;1.363;1.178;1.109;0.745;0.906;1.308;1.655;1.095;1.703;0.925;1.221;1.608;1.07;0.82;1.177;1.352;0.1758;1.126;1.224;1.117;0.833;1.168;0.84;0.601;1.464;0.753;0.49;0.5;1.079;0.595;0.657;0.91;5.298;0.242;0.595;0.851;1.318;1.029;1.026;1.529;1.225;1.132;0.87;0.718;1.209;1.201;1.005;1.457;0.526;1.236;0.534;1.148;0.762;1.197;1.044;0.627;0.963;0.854;1.979;0.378;0.529;0.064;0.928;0.389;1.178;0.981;0.981;0.719;1.201;1.505;0.906;0.853;1.21;0.651;1.841;0.579;1.014;0.719;1.055;1.126;1.086;0.899;0.971;1.129;1.225;3.715;0.847;0.96;0.853;1.016;0.893;0.761;1.052;1.106;1.084;1.075;1.118;0.893;0.432;1.082;0.011;1.077;1.077;0.983;1.163;0.522;0.79;0.022;0.871;0.901;0.787;1.146;0.8;0.57;1.536;1.158;0.636;0.672;0.639;0.729;1.029;1.11;0.907;1.367;1.198;1.031;1.031;0.683;0.233;0.897;1.198;0.884;0.89;0.698;1.778;2.243;1.491;0.964;2.329;1.487;0.648;1.284;1.736;0.29;0.989;1.144;0.398;0.974;0.961;0.922;0.581;0.602;0.499;0.479;1.477;1.22;1.47;0.776;1.028;0.709;1.129;1.157;0.766;1.004;1.147;0.997;0.697;1.425;0.805;0.19;1.745;0.756;0.76;0.429;1.323;1.865;1.07;3.044;1.278;0.994;1.028;1.004;1.031;1.011;1.804;1.062;1.091;0.3825;0.55;0.454;0.992;0.463;0.3;0.922;1.065;0.636;1.028;0.873;0.508;0.6238;1.032;0.268;0.414;0.268;0.895;0.444;0.912;0.788;1.168;0.609;1.964;0.759;0.98;0.883;0.932;0.926;0.994;1.697
17T2;IsoMS_results_CA17_P2-D-2_01_10639_Spectrum.csv;T2;0.3162;0.85;0.906;1.238;0.999;1.138;0.864;0.122;1.326;0.986;1.167;1.326;0.755;0.767;1.106;1.081;1.348;0.956;0.926;0.652;0.983;0.916;1.13;1.062;1.314;1.481;0.957;0.913;1.401;0.996;0.977;1.009;1.637;1.175;0.452;0.561;0.813;1.173;0.977;0.979;1.391;0.499;1.381;1.369;0.492;1;0.796;0.96;0.983;1.351;1.01;0.942;0.994;0.953;0.653;1.123;1.268;1.304;0.735;1.393;1.001;0.938;0.979;0.992;0.775;0.949;0.972;1.068;1.046;0.534;0.974;0.995;1.156;0.744;1.333;0.892;0.995;1.213;0.988;1.143;0.89;0.802;1.114;0.709;1.1;0.778;1.5;1.273;1.019;2.739;1.379;0.939;0.767;0.703;0.768;0.355;1;0.588;0.979;0.982;0.822;0.975;0.927;0.768;1.435;1.028;0.47;0.979;1.472;0.837;0.794;0.753;0.501;0.701;0.61;0.789;1.182;0.981;0.665;1.273;1.252;0.868;0.567;0.645;0.908;0.731;1.292;0.714;1.124;0.643;1.218;0.785;0.633;0.992;1;1.931;1.209;0.052;0.858;0.936;0.904;0.76;0.72;1.288;0.992;0.497;0.992;0.958;0.91;1.231;1.32;1.136;1.279;0.796;1.279;0.803;1.263;1.238;0.935;0.712;1.309;1.019;1.511;0.826;1.252;0.963;1.075;0.979;1.23;1.2;1.074;2.325;0.519;0.471;0.476;1.356;1.248;0.803;0.963;0.287;1.356;1.102;1.025;0.55;0.791;1.285;1.047;2.329;0.785;3.001;0.766;1.009;0.885;1.368;0.588;1.254;0.527;0.988;0.674;1.217;1.229;0.418;0.819;0.49;0.455;0.966;1.126;0.174;0.854;1.03;1.106;0.767;0.805;0.763;1.093;1.511;1.01;0.741;1.203;0.987;0.9;1.012;0.721;0.758;0.462;1.371;1.021;1.045;0.887;0.737;0.92;2.816;2.107;0.885;2.1;0.816;0.846;0.643;0.67;0.94;1.186;0.827;0.882;0.676;1.491;0.882;0.033;0.706;1.041;0.976;0.868;1.249;1.584;0.011;0.789;0.902;0.56;0.684;0.753;1.122;0.745;0.867;0.972;0.405;0.983;0.63;1.154;0.814;0.883;1.045;0.908;0.467;0.467;0.929;0.874;0.949;0.911;0.899;1.952;0.912;0.95;3.705;1.028;1.026;2.009;1.044;0.914;0.932;1.071;0.321;1.065;1.193;1.086;1.155;0.776;0.612;0.871;0.514;0.683;0.174;0.879;0.942;1.187;0.979;0.921;1.104;0.874;0.947;0.756;0.804;1.219;1.313;0.982;0.769;0.471;0.653;0.355;1.105;0.578;0.338;1.455;0.743;2.748;2.679;0.785;0.658;1.189;1.289;1.063;0.773;1.701;1.041;0.829;0.724;0.883;0.665;0.22;0.289;0.442;0.96;0.992;0.641;0.976;2.135;1.559;1.464;0.986;0.697;0.692;0.697;0.951;0.961;1.029;0.981;1.155;0.589;1.13;1.054;0.943;0.872;0.9;0.873;0.883;0.188
18T1;IsoMS_results_BA18_P1-D-4_01_10611_Spectrum.csv;T1;0.431;1.253;1.046;1.258;0.961;1.82;1.075;1.122;1.29;1.094;1.147;1.469;0.852;0.523;1.189;1.897;1.234;1.008;1.133;1.377;1.103;1.075;1.166;0.765;1.002;1.019;1.008;1.528;0.892;0.898;1.065;0.884;0.793;1.2;1.126;0.959;1.287;1.141;0.903;0.666;0.822;1.404;0.827;1.671;1.126;0.9;1.045;1.005;1.294;0.464;1.126;0.985;1.265;1.024;1.319;1.015;1.139;0.968;0.895;0.897;0.801;0.922;0.958;1.153;1.076;0.776;0.934;1.111;1.02;1.304;1.143;0.851;0.958;0.862;1.147;1.194;0.851;1.013;1.86;1.158;0.796;1.098;0.891;0.744;0.931;1.113;2.143;1.374;1.062;1.126;1.141;1.531;1.006;0.725;1.126;1.095;1.114;1.994;1.815;0.766;1.124;0.862;0.771;1.036;0.809;1.195;1.067;0.799;1.061;0.916;0.977;1.971;0.981;0.811;0.613;0.994;0.72;0.799;0.988;1.498;1.177;1.266;1.345;1.158;1.039;1.076;1.208;1.024;1.18;1.155;1.013;1.155;1.131;0.898;0.813;0.588;1.551;0.087;1.013;1.01;1.022;1.96;1.87;0.95;0.967;0.73;0.873;1.267;1.709;1.184;1.508;1.426;0.926;0.973;0.705;0.927;0.99;1.053;1.04;0.612;1.58;0.805;0.1672;3.222;0.993;1.114;1.493;1.012;1.142;1.162;1.45;1.036;0.572;0.505;0.831;0.429;0.436;1.085;4.646;2.036;0.429;1.753;0.809;0.849;0.99;1.362;0.99;2.036;1.039;1.237;1.387;1.176;1.026;1.064;0.735;0.873;0.725;1.101;0.697;0.988;1.118;0.299;1.053;0.789;0.916;1.085;1.073;0.204;1.086;0.98;1.375;1.067;1.072;0.793;1.232;1.563;1.815;1.105;1.272;0.991;2.473;1.117;1.073;0.796;0.831;0.834;0.966;1.715;1.05;0.936;1.033;0.897;1.647;1.047;1.651;1.064;1.368;1.329;0.803;1.107;1.182;0.883;0.795;0.782;1.157;1.617;0.603;0.995;1.059;1.512;0.91;0.939;1.307;0.014;1.752;1.083;0.381;0.987;0.485;1.176;0.752;1.41;0.963;0.416;1.197;0.145;1.711;0.89;0.941;1.099;0.968;0.506;0.506;0.956;0.423;0.562;0.984;0.944;1.727;0.95;1.206;0.349;1.069;1.36;1.032;1.042;1.006;0.974;0.984;0.307;1.173;1.627;0.611;1.379;0.987;0.927;1.165;0.522;0.75;1.245;0.713;0.964;1.23;0.364;1.331;0.368;1.184;0.947;0.749;0.783;1.157;1.113;1.455;0.947;0.711;0.396;0.996;1.063;0.862;0.404;1.174;1.307;0.588;0.456;0.938;1.391;0.92;0.89;0.934;0.997;1.248;1.288;0.653;0.304;0.907;0.627;1.66;0.435;0.429;1.18;1.211;1.009;0.994;0.901;0.4833;0.5935;1.008;0.737;0.724;0.737;0.985;0.659;0.941;0.987;1.193;0.547;1.28;0.718;0.988;0.955;0.991;0.952;0.926;3.21
18T2;IsoMS_results_CA18_P1-E-8_01_10626_Spectrum.csv;T2;0.448;1.242;0.96;1.22;1.151;1.507;0.947;1.059;1.251;1.01;1.024;1.43;1.052;0.213;1.341;1.299;1.286;0.979;1.379;1.204;1.005;1.054;0.965;0.796;0.967;0.938;0.979;1.039;1.765;0.899;1.01;0.836;0.584;1.407;1.609;1.179;1.062;1.008;0.983;0.831;0.597;1.087;0.74;1.251;1.588;0.862;1.312;1.003;0.997;0.886;1.054;1.007;0.869;1.119;1.713;1.066;0.946;0.988;1.101;0.958;0.933;0.94;0.81;1.157;1.073;1.029;0.957;1.281;1.105;1.626;0.977;1.075;0.773;0.793;1.083;1.005;1.045;1.055;1.522;1.179;0.641;1.091;0.78;0.744;1.005;1.23;3.616;1.571;1.182;0.773;1.125;1.027;0.905;1.101;1.225;0.325;1.333;1.8;1.496;0.868;0.993;0.991;0.871;1.152;0.916;1.107;1.613;0.869;0.934;1.995;1.027;1.057;0.885;0.789;1.466;0.789;0.994;0.866;0.849;1.321;1.175;0.968;1.266;0.947;0.973;0.965;0.941;0.815;1.094;0.956;0.991;1.195;0.941;0.903;0.877;0.927;1.393;0.232;0.85;1;0.908;1.786;2.019;0.817;1;0.576;0.891;1.196;1.119;1.738;1.575;1.219;1.09;1.086;1.09;0.875;0.975;0.946;1.228;0.611;0.921;0.985;1.404;1.021;0.981;0.983;1.318;0.978;1.01;1.375;1.02;1.546;1.127;1.243;0.668;1.018;1.047;1.085;0.578;1.728;1.018;1.119;0.933;0.735;0.807;1.644;1.127;1.714;1.171;1.173;1.613;1.033;0.937;0.758;0.658;0.943;0.717;1.219;0.74;0.997;1.216;0.505;1.033;0.885;0.496;0.827;0.869;0.162;1.307;0.648;1.152;0.892;1.032;0.86;1.064;1.572;1.48;0.959;0.814;1.216;1.848;0.909;1.14;0.841;0.353;0.664;0.836;1.084;1.117;1.031;0.914;0.436;1.741;1.062;1.766;1.017;1.109;1.805;0.769;1.049;1.283;0.943;0.801;0.892;1.414;1.116;1.032;0.926;1.025;1.773;0.949;1.078;1.381;0.01;1.448;1.116;0.126;0.898;0.37;1.468;0.89;2.53;1.038;0.478;1.264;0.246;1.233;0.85;0.933;1.603;0.897;0.161;0.161;0.996;0.833;0.645;0.904;0.97;1.589;0.999;1.147;0.773;1.039;1.097;0.736;0.964;1.016;0.967;1.181;1.45;1.196;1.443;0.872;1.328;0.888;0.784;1.175;4.853;0.843;0.165;1.095;0.922;1.164;0.851;1.099;0.722;1.122;1.027;0.816;0.607;1.175;1.422;1.089;0.941;0.1823;0.762;1.508;1.029;0.82;0.36;1.156;1.528;0.374;0.419;0.91;1.26;1.057;0.999;0.965;0.836;1.31;1.229;0.887;1.166;0.949;1.299;0.395;0.383;0.356;0.952;1.059;2.935;0.86;0.772;1.412;1.536;0.882;0.703;0.83;0.703;0.883;0.84;1.452;1.047;1.083;0.526;0.87;0.893;0.995;0.85;0.873;0.906;0.943;0.232
19T1;IsoMS_results_BA19_P1-E-1_01_10617_Spectrum.csv;T1;0.184;0.958;0.749;1.029;0.442;1.579;1.084;1.147;0.467;1.033;0.83;1.002;0.42;1;1.39;1.623;0.444;0.776;0.758;0.878;1.052;0.705;0.826;0.406;0.692;0.559;0.774;0.813;0.384;0.675;1.066;1.002;1.139;0.688;0.696;0.809;1.295;1.088;0.62;0.75;0.61;0.921;0.722;1.379;0.763;0.997;0.75;0.686;1.299;0.352;1.092;0.732;0.886;0.968;0.755;1.042;0.919;0.747;1.478;0.45;0.98;0.982;0.994;1.356;1.624;0.492;1.038;0.79;1.187;0.994;1.095;1.118;1.156;0.53;0.911;0.901;1.118;0.817;0.844;1.08;1.071;1.097;1.03;0.795;0.882;1.156;2.378;1.163;0.914;0.701;1.076;1.192;0.854;0.448;1.149;0.652;0.757;0.912;2.139;1.028;0.954;0.639;1.005;0.88;1.154;0.929;0.692;1.01;1.905;0.799;0.815;1.545;0.943;1.029;0.769;0.683;0.474;1.056;1.833;0.647;1.138;0.729;0.581;1.254;1.213;1.11;1.274;1.157;0.775;1.217;1.1;1.281;1.202;0.897;1.016;0.221;1.097;0.09;0.751;0.934;0.958;1.006;1.111;2.258;0.992;0.901;1.043;1.058;1.541;0.613;1.338;1.238;0.297;0.821;0.297;1.11;1.109;1.939;0.904;1.467;1.582;1.031;0.165;1.458;1.122;1.018;1.509;0.885;1.187;0.713;0.878;1.773;0.502;0.467;0.995;0.643;0.449;1.875;0.551;1.146;0.643;1.585;1.002;1.167;0.623;0.553;1.009;3.226;0.896;0.884;1.371;1.093;1.226;1.339;0.568;0.622;0.887;1.001;0.596;1.082;1.138;0.259;0.915;0.853;1.104;0.511;0.433;0.095;1.105;0.454;1.102;0.941;0.934;0.789;1.152;0.893;1.376;1.293;1.125;0.783;0.739;0.529;0.802;0.801;1.026;0.496;1.645;1.233;1.264;1.238;0.853;0.78;1.647;1.258;1.638;0.94;1.301;0.926;1.162;0.994;0.876;1.338;1.287;0.931;0.593;1.06;0.528;1.297;1.033;1.183;1.085;1.118;0.452;0.02;1.032;1.292;0.193;0.724;0.778;0.847;0.974;0.892;1.144;0.504;1.013;0.663;1.71;1.355;0.885;0.759;0.966;1.097;1.097;1.19;0.42;0.409;0.974;1.109;1.371;1.147;0.938;0.718;1.107;1.442;1.072;1.02;1.1;1.045;1.007;0.205;1.323;1.429;0.715;1.332;0.825;0.521;0.947;0.636;0.883;0.364;0.831;0.987;1.587;0.537;1.223;0.594;1.514;0.853;1.039;0.942;1.319;1.19;1.39;1.128;0.36;0.31;0.396;0.958;1.171;0.476;1.274;4.572;0.268;1.005;1.34;0.962;1.4;1.136;1.277;1.04;1.851;1.185;0.989;0.3591;1.267;0.475;0.851;0.307;0.401;0.835;1.446;0.516;0.936;0.764;0.477;0.5857;0.957;0.343;0.394;0.343;0.941;0.403;0.469;1.529;1.889;0.798;1.628;0.841;1.465;1.329;1.329;1.362;1.294;1.28
19T2;IsoMS_results_CA19_P2-D-3_01_10640_Spectrum.csv;T2;0.2532;0.958;0.875;0.875;0.465;1.67;0.897;0.972;0.462;0.974;0.736;0.97;0.497;0.29;1.195;1.303;0.503;0.79;0.5;0.918;0.969;0.616;0.777;0.545;0.772;0.66;0.782;0.618;0.512;0.727;0.958;0.733;1.487;0.52;1.076;1.052;1.096;1.174;0.744;1.105;0.837;0.933;0.814;1.196;1.102;0.79;0.938;0.706;1.261;1.348;1.001;0.757;0.916;1.119;0.998;0.888;0.847;0.966;0.925;0.727;0.948;1.129;0.772;1.027;1.057;0.567;1.153;0.718;0.578;1.251;1.132;1.211;0.993;0.663;0.942;0.995;1.211;0.778;0.77;1.047;0.938;0.968;0.9;1.614;1.078;0.976;2.534;1.012;0.776;0.453;0.83;1.018;0.998;0.639;0.977;0.572;0.753;0.857;1.601;0.803;0.951;0.687;1.005;0.876;1.019;0.823;1.066;1.004;0.761;1.753;0.725;1.336;0.957;0.904;0.786;0.705;0.642;1.003;1.108;1.198;1.039;0.697;0.681;0.962;1.58;0.949;1.093;1.135;0.753;0.974;1.073;0.943;0.945;2.039;0.983;0.341;0.988;0.085;0.833;0.754;0.915;0.831;0.886;0.871;1.052;1.581;1.008;1.014;1.459;0.916;1.068;0.813;1.459;1.063;1.357;0.945;1.081;0.957;0.902;1.04;1.53;1.021;2.21;1.413;1.085;1.012;1.314;0.768;0.855;0.673;1.3;2.534;1.085;1.154;0.821;1.642;1.55;1.076;0.953;2.027;1.642;1.655;0.977;0.726;0.747;0.78;1.126;2.767;0.975;1.329;1.163;1.046;1;1.106;0.602;0.7;0.78;0.998;0.673;1.057;1.205;0.434;0.848;1.434;1.06;0.476;0.464;0.089;0.832;0.542;1.065;0.897;0.871;1.08;1.169;1.344;1.136;0.875;1.059;0.565;0.439;0.499;0.776;1.012;0.94;0.489;1.237;1.199;0.998;1.302;1.109;0.518;2.363;1.001;2.569;0.798;1.352;1.507;0.898;0.793;0.703;1.34;0.994;0.754;0.537;0.939;0.515;1.316;1.263;1.261;1.301;0.943;0.413;0.01;1.125;0.889;0.227;0.836;0.998;0.559;0.752;2.552;0.921;0.852;0.778;0.474;1.371;0.912;0.901;0.776;0.873;0.275;0.275;1.034;1.321;0.908;0.873;0.884;2.072;1.017;1.73;0.668;0.903;1.216;0.724;1.164;0.967;0.916;1.114;0.155;1.019;1.146;0.704;1.174;0.815;0.624;0.693;0.389;0.789;0.6;0.78;0.866;1.151;1.27;1.042;1.505;0.721;0.855;0.966;0.91;0.875;1.089;1.237;0.935;0.237;0.2383;0.446;0.916;0.893;0.475;1.212;1.202;0.636;2.319;1.032;0.71;1.318;1.141;1.075;0.762;2.024;1.147;0.89;1.234;0.914;2.02;0.463;0.388;0.487;0.875;0.827;5.795;0.956;1.699;1.616;1.555;1.019;0.372;0.542;0.372;0.837;0.949;1.096;1.343;2.163;0.795;0.915;0.792;1.089;0.987;1.011;0.982;0.975;0.343
20T1;IsoMS_results_BA20_P2-E-8_01_10657_Spectrum.csv;T1;1.001;1.104;0.871;1.022;0.314;0.974;0.961;0.434;0.643;1.197;1.218;1.363;0.283;1.422;0.971;0.885;0.681;1.003;0.388;0.948;1.186;0.601;1.216;0.421;0.721;0.587;1;0.898;0.647;0.753;1.159;1.252;1.313;0.452;1.138;1.154;0.736;1.014;0.498;0.919;1.053;0.88;1.004;1.39;1.155;1.244;1.032;0.546;0.912;0.56;1.204;0.615;1.261;0.911;0.967;1.326;1.005;0.859;1.037;1.3;0.85;1.05;1.077;1.034;1.163;0.53;1.073;1.271;0.537;0.954;1.268;0.69;1.102;0.637;1.496;0.898;0.672;0.89;0.922;1.156;1.116;0.792;1.237;0.926;1.241;0.791;1.598;0.994;0.898;0.622;0.945;1.12;0.915;0.755;0.806;0.736;1.065;1.138;0.868;1.002;0.937;0.77;1.13;0.814;1.063;0.851;1.074;1.222;1.687;0.811;0.963;0.662;0.578;1.076;0.695;0.861;0.641;1.226;1.241;0.619;0.76;0.957;1.22;0.659;0.835;0.798;1.186;0.79;0.855;0.657;1.167;0.907;0.669;1.06;1.278;0.428;1.153;0.049;0.978;0.945;0.862;0.873;0.881;1.316;1.273;1.17;1.346;0.838;0.991;1.113;0.899;1.06;0.464;0.701;0.464;0.972;1.166;1.304;0.828;1.192;1;1.161;0.1667;2.374;1.177;0.949;1.155;0.958;1.159;0.693;0.858;0.792;1.152;1.282;0.5919;0.591;0.448;1.123;1.039;1.627;0.591;0.951;1.164;0.78;1.058;1.003;1.297;1.972;1.026;0.975;1.335;0.971;1.239;1.17;0.421;0.912;0.643;0.819;0.787;1.157;0.913;0.35;0.814;0.863;1.242;0.336;0.402;0.048;1.374;0.315;1.035;0.786;0.811;0.899;1.079;0.698;0.817;0.883;0.92;0.557;0.838;0.311;1.047;0.922;0.643;0.793;1.095;0.857;1.442;1.241;1.022;0.586;1.098;1.438;1.1;0.914;0.843;0.961;0.917;1.194;0.992;1.238;1.176;0.786;0.385;1.117;0.36;1.13;1.084;0.918;1.283;1.279;0.888;0.024;1.471;0.799;0.476;0.808;0.926;0.405;1.094;0.897;1.097;0.452;0.682;0.318;1.105;1.193;0.757;0.699;1.025;1.359;1.359;1.032;0.419;0.523;1.021;0.943;1.074;1.037;1.222;0.337;1.304;1;0.717;1.019;1.01;1.087;1.377;0.705;0.997;1.155;0.764;1.117;0.953;0.954;0.571;0.436;0.932;1.29;0.883;1.035;1.105;0.463;1.098;0.616;1.028;1.017;0.929;1.121;1.281;1.27;0.792;1.314;0.418;0.2259;1.373;0.913;0.773;0.609;1.518;0.981;0.284;1.979;0.981;0.775;0.963;0.918;0.866;1.01;0.557;0.657;0.933;0.4051;0.755;1.369;1.17;0.518;3.233;0.969;1.008;0.961;0.952;1.447;0.4819;0.5917;0.931;0.291;0.267;0.291;0.905;0.417;1.273;1.114;1.712;1.167;1.206;0.935;1.057;1.014;1.023;1.018;0.954;0.689
20T2;IsoMS_results_CA20_P1-E-6_01_10624_Spectrum.csv;T2;0.146;0.925;1.082;0.98;1.327;1.133;0.861;0.219;1.881;1.171;1.104;1.294;1.354;0.181;1.064;0.999;1.766;0.85;1.678;1.374;1.17;1.218;1.043;1.084;1.65;2.08;0.85;0.946;0.869;0.854;1.218;0.913;0.779;1.605;0.822;0.786;1.072;0.978;0.857;1.204;0.802;1.596;0.897;0.953;0.892;0.932;0.89;1.197;1.017;0.951;1.196;1.133;0.845;1.007;1.024;1.05;0.873;1.125;1.195;0.481;1.204;0.88;0.913;0.864;1.005;1.213;0.938;1.348;1.839;0.845;1.165;1.345;1.323;0.819;1.011;0.911;1.345;1.307;1.249;1.173;0.818;1.027;1.378;0.776;1.023;1.051;2.557;0.901;0.926;0.642;0.968;1.095;0.797;0.646;1.043;0.602;1.126;0.911;1.184;0.753;0.926;1.061;0.893;0.863;1.1;1.055;0.862;0.898;1.163;1.177;1.25;1.017;0.2827;0.816;0.895;0.866;1.512;0.878;1.184;1.488;0.849;1.003;1.553;0.878;0.967;0.917;1.302;0.904;0.893;0.879;0.992;1.079;0.88;0.994;0.874;0.713;1.509;0.08;0.904;0.994;0.944;1.299;1.351;1.089;1.189;0.398;0.88;0.743;1.127;1.25;0.991;1;0.944;0.793;0.944;1.038;0.994;1.078;0.883;1.111;0.978;0.919;2.342;1.062;0.986;1.057;1.212;1.028;0.965;1.373;0.903;1.851;0.676;0.581;0.716;1.192;1.082;0.76;5.453;1.46;1.192;1.071;0.958;0.987;0.759;0.617;1.333;2.807;1.602;1.198;1.228;1.113;1.19;1.073;0.621;1.11;0.544;0.934;1.091;0.996;1.094;0.649;0.872;0.503;1.041;1.385;1.754;0.274;1.148;1.663;1.208;0.793;0.87;1.407;1.225;1.586;1.013;0.602;0.924;1.085;0.606;1.148;0.702;1.445;0.539;1.068;0.852;0.993;0.977;0.787;0.902;0.389;2.171;0.969;2.123;0.874;1.042;1.045;0.966;0.955;0.998;0.727;1.059;0.921;1.464;0.862;0.239;0.751;1.09;1.379;0.709;1.193;1.951;0.01;1.103;0.992;0.271;0.969;0.512;1.773;0.943;1.38;1.046;0.539;1.436;0.715;1.066;1.021;0.932;0.989;0.92;0.183;0.183;1.074;1.468;0.69;0.912;1.145;1.784;1.079;0.863;0.9309;1.011;0.95;0.513;1.111;1.098;0.977;0.974;0.287;1.222;1.481;1.063;1.384;0.879;0.907;1.474;0.325;0.89;1.373;1.14;0.949;1.039;1.067;1.291;0.978;1.178;0.886;0.797;0.812;1.326;1.424;1.28;1.014;0.508;0.528;1.825;1.006;0.881;0.665;1.156;1.202;0.244;0.569;0.741;0.843;1.382;1.236;1.329;0.98;0.5457;0.874;1.015;0.852;0.909;0.492;0.368;0.431;8.335;0.639;1.076;0.576;0.789;1.525;1.672;1.855;0.851;1.004;0.911;1.004;0.844;1.663;0.605;1.005;1.341;0.637;0.846;0.926;0.993;0.905;0.925;0.961;0.928;0.333
21T1;IsoMS_results_BA21_P2-D-9_01_10648_Spectrum.csv;T1;0.293;0.836;1.118;0.769;0.893;1.226;0.863;0.997;0.91;1.048;0.952;1.081;0.409;2.099;1.157;0.904;0.849;0.84;1.009;1.033;1.043;0.791;0.989;1.034;0.931;0.947;0.834;1.038;1.222;0.85;1.032;0.903;0.358;0.657;1.464;1.121;1.536;0.616;0.915;0.858;0.721;0.815;0.655;1.108;1.467;0.888;0.993;0.945;1.153;0.484;1.082;0.962;1.11;0.905;1.328;0.937;0.817;0.954;0.905;0.873;0.675;1.011;0.933;1.186;0.853;0.773;1.055;0.77;0.647;1.304;1.137;0.609;1.014;0.846;1.289;1.083;0.609;0.804;0.932;0.961;1.083;0.873;0.966;0.829;0.916;0.832;2.121;0.895;1.042;0.597;1.072;1.377;0.969;1.5;0.823;0.671;0.82;0.744;1.268;0.824;0.874;0.713;0.978;0.885;1.112;1.031;1.387;0.968;1.079;0.844;0.742;1.157;2.056;0.725;0.634;0.728;0.959;0.98;0.812;1.271;0.926;0.829;0.881;0.902;1.014;0.929;1.228;0.82;1.164;0.895;1.018;0.849;0.895;0.849;0.985;0.679;0.745;0.052;0.994;0.793;1.071;1.191;0.968;1.101;1.174;1.067;1.054;1.009;1.397;1.711;1.024;0.758;0.656;0.834;0.656;0.995;1.025;1.118;1.069;1.391;1.382;1.056;0.336;2.61;1.022;1.143;1.217;0.849;0.741;1.079;1.092;0.818;0.487;0.429;0.721;0.518;0.491;0.657;0.511;2.513;0.518;1.648;1.029;0.876;0.798;0.901;0.929;1.203;0.756;2.104;1.082;1.194;1.131;1.384;0.526;0.753;0.641;1.053;0.744;0.998;1.027;0.574;0.847;1.051;1.02;0.946;0.925;0.157;1.314;0.864;1.194;0.961;0.866;0.851;1.246;1.399;1.446;1.219;1.344;0.901;1.625;1.129;0.737;0.742;0.736;0.501;0.894;1.323;1.482;0.804;1.112;0.521;1.757;1.482;1.762;0.906;0.995;0.87;0.858;1.126;1.107;0.751;0.828;1.014;1.025;1.05;1.836;0.711;0.952;1.072;0.748;1.046;0.935;0.687;1;1.073;0.291;0.798;0.826;0.912;0.777;1.095;0.991;0.53;1.025;0.466;1.113;1.458;1.042;1.085;0.714;1.788;1.788;0.995;0.729;0.514;0.714;0.906;1.541;0.979;1.102;0.856;0.822;1.152;0.804;1.184;0.864;0.759;0.896;2.853;1.051;1.2;0.522;1.11;0.819;0.978;0.968;0.422;0.84;1.016;0.587;0.762;1.646;0.666;0.838;0.453;0.815;0.793;0.996;0.844;1.097;0.846;1.415;0.885;0.473;0.3522;0.484;1.084;1.047;0.223;1.198;0.909;0.222;0.633;0.928;0.408;0.81;0.747;0.801;0.74;1.151;0.924;0.768;0.3568;0.984;0.578;0.907;0.473;0.297;1.35;0.91;1.015;1.055;1.229;0.4739;0.5818;1.065;0.57;0.746;0.57;0.967;0.753;0.868;1.169;1.204;0.402;1.688;1.055;1.188;1.098;1.137;1.108;1.058;1.288
21T2;IsoMS_results_CA21_P2-D-8_01_10647_Spectrum.csv;T2;0.3744;0.794;0.869;0.874;1.084;0.6681;0.718;0.321;1.115;1.024;0.939;1.34;0.799;0.523;1.003;0.697;1.139;0.789;1.055;0.868;1.039;0.892;0.954;1.234;1.119;1.292;0.795;1.036;1.537;0.935;1.031;0.91;2.824;0.721;0.677;0.922;1.497;1.581;0.95;0.895;0.785;0.76;0.778;1.049;0.733;0.928;0.935;1.065;0.755;1.173;1.105;1.032;1.156;0.98;0.81;1.017;0.872;1.078;1.077;0.721;1.458;0.932;0.984;0.896;0.917;0.921;0.989;0.85;0.664;0.808;1.186;1.222;0.984;0.676;1.41;0.891;1.222;1.071;1.138;0.902;0.946;0.783;0.907;0.712;0.839;0.788;1.503;1.18;0.913;1.643;1.384;1.089;0.863;0.567;0.789;0.302;0.862;0.8;0.813;0.996;1.009;0.844;0.781;0.898;1.321;1.045;0.755;0.797;1.122;0.944;0.791;0.844;0.483;0.883;1.324;0.646;0.966;0.79;0.772;1.362;1.116;0.813;0.904;0.621;0.894;0.763;1.13;0.848;0.979;0.633;1.001;0.85;0.618;0.617;0.77;0.509;0.917;0.089;0.891;0.8;1.008;1.347;1.161;1.231;1.177;0.633;0.792;0.911;1.183;1.477;1.021;0.785;1.542;1.387;1.542;0.846;0.99;1.083;0.913;0.766;1.077;0.903;1.256;2.113;0.996;1.104;1.101;0.863;0.706;1.237;1.112;2.56;0.516;0.426;1.154;0.962;0.949;0.821;0.579;0.621;0.962;1.065;0.874;0.75;1.002;0.84;0.968;2.822;0.789;2.648;1.007;1.133;0.977;1.597;0.553;0.778;0.521;0.9;1.241;0.988;1.187;0.826;0.786;0.802;1.697;0.874;0.864;0.139;1.113;0.973;1.282;0.937;0.785;0.985;1.227;1.312;0.95;0.733;1.263;0.894;1.317;1.6;0.633;0.949;0.342;0.351;0.706;0.955;0.997;0.71;1.025;1.563;1.457;0.953;1.468;0.802;0.818;0.833;0.843;1.049;1.269;0.721;1.063;0.832;1.418;1.107;0.574;0.618;1.081;1.879;0.728;1.193;1.032;0.019;1.042;0.878;0.469;0.87;0.761;1.213;0.636;0.727;0.944;1.448;1.093;0.743;0.715;1.065;1.024;1.568;0.746;0.468;0.468;0.962;0.824;1.052;0.753;0.832;1.455;0.978;0.765;0.915;0.846;0.761;1.465;1.668;0.901;0.776;1.017;1.674;1.05;1.283;1.075;1.078;0.818;0.683;1.046;0.391;1.027;1.696;1.306;0.754;1.341;0.884;0.948;1.027;1.157;0.865;1.009;0.982;0.966;1.062;0.778;0.87;1.231;0.275;0.342;1.058;0.71;0.266;1.169;1.111;0.221;5.21;1.182;0.635;1.744;1.52;1.652;0.553;0.873;1.073;0.646;0.757;0.7;0.667;1.558;0.474;0.393;0.824;0.957;0.66;0.906;1.288;1.697;1.825;0.907;0.67;0.862;0.67;0.867;2.656;0.676;1.123;1.109;0.351;1.223;0.985;1.035;0.988;1.009;1.004;0.979;2.956
